indice_01,indice_02,indice_03,indice_04,indice_05,indice_06,indice_07,indice_08,indice_09,indice_10,indice_11,indice_12,classe
584.1886749771049,36.514073047569106,-1.3992694321857775,12364.456000956112,2.0518285115365917,2942.9835689091396,-3.767921487085434,0.8550383978329315,-17133.526420742037,0.43800413938234045,-20.070020452675834,-1.2893137661709733,tipo_Y
-47.97266880679079,27.16736888119651,-0.8934721439864212,12203.466286508317,1.9794248777229886,-4619.166463657703,-2.676876211906428,0.9366958987160815,-5891.167288627904,0.4112852518433151,-56.364119089574714,-1.228999123373838,tipo_Y
165.27045806661536,-0.20205085011697044,-1.2724756166000482,13210.216661591447,1.9710656770526906,-1517.7986686286758,-5.960461012744746,0.8949752765055308,-6707.926233642696,0.40012140925784445,58.341622157850075,-1.1736304701397229,tipo_X
566.2323316242368,5.841167804243952,-1.3911909674811695,-7996.382158845228,1.993544914531368,-5127.9372323451835,-5.8161516792575965,0.822289032988166,-6098.404399131221,0.45299435393746973,78.23131550163643,-1.173470222345159,tipo_X
910.2610265358475,-1.4603275329408572,-1.8159777144264504,-22059.21184783132,2.0415031055959867,-110.99424400690623,-6.7121798725775355,0.8202809615475917,-13261.697715869183,0.3406575952942905,158.77287087608846,-1.1475901342456898,tipo_X
-448.11275841240814,29.004501877568195,-1.9828502545008662,-54043.25406322753,2.067637387649448,-2448.921591010906,-5.0780424950417675,0.9248826851492015,901.1691088780544,0.3045645416477571,71.99912558876873,-1.2214732607852565,tipo_Y
952.871984647398,1.5581936159049725,-1.381138888646562,35894.77629859406,1.9506632871859018,-1202.4023894968805,-5.447158852092132,0.8829309436558153,-9384.249161743102,0.3891738427687243,-14.185157475973345,-1.3282622743513965,tipo_X
1016.5136552776627,43.27942041187509,-1.2451186477628544,8477.064686480493,1.9968844360067746,-2163.418772275668,-3.7666356025579546,0.9526628266828927,-11038.95507415845,0.36374512920994506,-47.19671022153854,-1.3385686128652596,tipo_Y
868.3187230662692,-43.973928692356495,-2.051165722552722,9093.931981035352,2.191278383771728,2595.602260567973,-2.626494837917604,0.864007082254656,2184.7841134848854,0.4386169204773247,114.2035469303501,-1.123449022898974,tipo_X
310.13505986571494,43.736224732290204,-0.5439070363017527,-5093.560979840715,1.8590807367813762,-2740.8388892106914,-1.3613623272082567,0.923460475823242,-19816.296296051136,0.42733349025349715,-65.48495306487625,-1.2574307330904426,tipo_Y
189.40514714803876,2.955608771791476,-1.4715480049445078,37111.55137304319,2.0022016448147064,5431.743254295841,-3.553669940724983,0.8816954582030199,-12003.018364086562,0.4262631682934463,-38.957971012489494,-1.3163535010053296,tipo_Y
-522.6759750200742,28.289603288571826,-0.8228867525663294,13704.702359269704,1.9323989929161332,-9029.015997013488,-1.9691267728875428,0.9346242310001204,13710.16809527745,0.45666871369688794,-129.63699559550412,-1.3022712436259174,tipo_Y
995.6274695316428,25.634615992927355,-1.025075877557676,16289.145617879843,1.9241921702637688,-1038.3290741607457,-3.6990826458375206,0.9174676961332513,701.8634887037356,0.3665477325750373,-25.833255666272343,-1.2974527015368078,tipo_Y
329.5124435807444,19.83468915574076,-1.6339521108062727,-23663.42844764438,2.001126332411392,1571.3184797271215,-2.0102300314046437,0.9121756756061475,9958.949214452636,0.4127676002876072,-0.9634237562566215,-1.2992271448174753,tipo_Y
607.2196463404777,-44.53068761976561,-1.7583883495715569,-20783.321181213392,1.9333368602968146,3870.95942482667,-4.448774858495743,0.838956416658856,6521.903243931814,0.40509988572052996,172.32191774072078,-1.1268954800194713,tipo_X
-1058.2045342328468,-9.123573784329478,-1.7769902770389225,6685.939200836024,1.9241226539985536,-2299.3822384255755,-5.706414173519879,0.9074069656280199,5565.22999715934,0.40726053193394085,-29.355377424921812,-1.339511987290426,tipo_X
404.8497420243551,20.920253204232516,-0.9648881208010417,-12450.059314291811,1.7781577287673873,-7276.742939900922,-8.798987875720288,0.881187644260781,-3730.5244931871953,0.35103413748675,82.46277694727878,-1.2157091663521666,tipo_Y
417.32589567613917,5.683469176464775,-1.492036713507841,-11874.154706573647,1.9045773533923935,-422.44658445193227,-4.947136632610877,0.9110524323979551,2162.286767883507,0.3960075965146355,43.830141263493736,-1.2751555208863912,tipo_X
-1149.9415232297747,-37.611027227685064,-1.8603616838550407,4139.305141861592,1.9466628500329513,6398.72101158235,-4.261526407670075,0.8908054842024181,-669.87789574968,0.4322382414299908,51.227897342914794,-1.2236018742300303,tipo_Y
1481.8892596504174,32.994447904089036,-0.5835797172545323,42995.63843127208,1.860464406336266,-1057.8015390193823,-6.8358841791788985,0.8805477514690656,6140.878830119612,0.5251967477617234,11.692672636628444,-1.246006985743905,tipo_X
674.3316520906291,-39.522242835516806,-1.8369173173901592,-4366.815340924809,1.9863330470838463,2833.5315354576273,-3.0428978769495827,0.9052293871083888,1504.007851804592,0.28174062037225417,91.16973624062601,-1.2136270263696258,tipo_Y
294.61450562209274,-6.5056957075091635,-1.698138737283637,-3876.603842975421,2.0282676998881057,-1229.197084808694,-4.679187724727838,0.9172085115036188,12773.818400390302,0.4692188655614974,58.46293073342879,-1.2166012860831787,tipo_X
153.06839933150465,-69.99885925844796,-1.8291593735951606,-22158.09178647409,1.9600485232565803,4183.732950482758,-3.1852599663213876,0.8431424276168079,12407.349275331055,0.3062694037020903,190.69325503475818,-1.0607295810346113,tipo_X
1794.469150049114,58.180207824445446,-0.4953364541603693,-16475.58732217433,1.8024260215275492,-1304.243441345296,-1.7986371498529898,0.845157729566066,-7628.650147544639,0.3550478274173453,-25.189636989855224,-1.3033568050643645,tipo_Y
1469.9977317910339,-13.336532308831552,-1.3690290811322188,-13238.655803825313,1.8207375666883534,2434.134335135765,-0.7844635579803487,0.9496220504517406,-11857.170300365986,0.4637817275249663,10.582630288615366,-1.3496798774707588,tipo_Y
774.9167759878675,36.13272645952407,-0.6713008224859218,2770.8762952620295,1.9167978366768093,-4979.25674848099,-2.155100360071023,0.8964337927693093,2425.3043384470016,0.39743748332184753,-42.984761464243604,-1.240166034501534,tipo_Y
-26.8574458379675,-13.98530627347453,-1.6522710909974196,-16203.35404965857,1.9027389019532799,366.33534557868563,-3.9272080635298705,0.9124145411831474,6908.196062162131,0.4298577210548227,44.3208446334537,-1.2684300095015775,tipo_Y
200.81978700589121,-23.2120254451566,-1.8145707260777708,-11242.36493480684,1.9303964325604481,2401.8795567190655,-4.602535524160383,0.8632585885446055,-13904.142919536103,0.44196769143640346,78.27919472668297,-1.2523048067315856,tipo_Y
476.42105137026977,16.37142771234986,-1.3961222278872416,-3842.7360135752697,1.9496587121351334,2116.99415620485,-1.2233041543249357,0.7888451448760097,-2896.1705576450736,0.44559565660496026,-47.39182998248562,-1.3410144086360087,tipo_Y
485.0370801930492,-32.22382909903733,-1.9053045748241524,-22644.53053767638,1.9322902366466677,2940.491470024211,-4.0048202479579995,0.9902363445764412,-25537.757619675125,0.40938062524919233,111.95535672305044,-1.2289882452263814,tipo_Y
1039.4775536883174,-50.10107359885965,-1.7583130820518498,5736.816875210849,1.94215589643009,3632.571325836609,-5.8350599791476965,0.8946776529191174,1940.9453030832237,0.4168584469071922,165.9301509863578,-1.1540680236349972,tipo_X
-1066.1258906769485,7.754347846543452,-0.6632448551779393,26183.196691185447,1.8715754342172368,-10106.001700994935,-2.006338534978734,0.9072197788376432,-7192.5478713959965,0.3655372520387288,-141.06995598906127,-1.2810086824778766,tipo_Y
609.02696752448,-20.841115581048655,-1.5658508514065552,8912.015444829398,1.9685291432075802,-1859.100989871249,-6.149657626877908,0.931718077813071,-11605.258508664243,0.35154376890646827,91.59565138856641,-1.1933490661583859,tipo_X
3067.466429507006,34.395339707149205,-1.3579399240658327,-44949.555045702706,2.2669713026429683,-4697.027280179009,-1.0108300130701169,0.8062402066176868,507.6132034489756,0.3874487734601297,168.39183287336,-1.0122363551032867,tipo_X
217.23829298414756,-8.386808445833347,-1.5539423161337944,6667.0468287771855,1.9450800925014784,2759.361976303653,-2.794778706753264,0.9100886684337522,4989.942591698842,0.3718689925844746,-4.6124423934222865,-1.3020508277837912,tipo_X
-599.4781920735755,-27.47565588636155,-2.146139151754357,9618.002287792779,2.0395562605828514,3017.9473507763473,-3.162556306835395,0.9712810713159514,1549.695773306944,0.48521813915643086,-16.672387522732702,-1.3336289907288796,tipo_Y
912.3414833173655,20.354779024859795,-1.150175126404231,5813.213746486141,1.8921325347293536,-547.0811779104835,-1.0854880576082682,0.9722971402054783,20938.827205355417,0.3797591506950124,-81.05993971273782,-1.3843969632135573,tipo_Y
914.409769571653,2.3640882345681593,-1.5707363359297877,-15077.249887061702,2.0387708034216967,-2805.179929473304,-5.566699937494909,0.9297155424207227,590.0617905006507,0.3695185134614038,116.49414489255508,-1.1496290478714932,tipo_X
789.637828202243,12.596289504198314,-1.8023256930088218,-28287.479110026983,2.030446207877329,689.5100262592952,-5.176312519257772,0.9459219206005982,-2109.807434587374,0.4064407094985592,104.2340727851193,-1.2150292594975747,tipo_X
-120.9828694828297,-14.071666072465542,-1.69539262268523,6265.258609226386,2.0015513461264094,-2185.3244920882116,-4.4927700098040395,0.9326735602309042,-27754.39571499877,0.2805118793807843,17.566659631292136,-1.2564297126314743,tipo_X
2309.383683463561,-84.2896627491049,-2.156625377024671,-1325.4430902906452,1.9789990088135965,7129.893162127275,-3.2711821427055607,0.8562156687225536,-4164.317638099659,0.39246369643711315,213.72839893881354,-1.1708868523566203,tipo_Y
1398.4751905441121,45.21599870498898,-0.7796475419358796,54645.270536860335,1.911898682110662,-5376.491545423448,-8.842359478579375,0.8675253515004948,13682.774798751223,0.4727152376118415,-25.60990576228653,-1.3131275122600277,tipo_X
-426.1721059152218,-30.078756929288254,-1.3917781331121584,-499.5119551727407,1.9932290232314633,1124.5352228311517,-0.8917549176271571,0.7961402488754832,11655.674113252344,0.3974328733748194,24.009109343533957,-1.1570615041137793,tipo_X
364.76048082692927,-3.797416425824073,-1.4928750072517696,1891.0312362178045,2.022215165383522,-5062.366223387336,-5.62299800439027,0.8389811353113351,3899.9683736397155,0.3496733841120755,63.14772656133381,-1.181180108829992,tipo_X
-16.289860639681677,-26.323581576887776,-1.8899614094463593,7026.955161470123,2.0183862498272105,1744.8429644699236,-3.8344472675159404,0.8695835387314282,9417.396838853754,0.45050841368489575,35.0233459624296,-1.2600303939652753,tipo_Y
-600.2521031262223,12.371453254247538,-1.6118063545417858,26823.713523328148,2.0199639235333495,5932.234175867942,-3.7143074713255153,0.921898917275524,4598.900549650398,0.32565356172016136,-57.32840213668102,-1.329625139063972,tipo_X
-326.5750623343463,4.311606397732339,-0.9575902247491315,-5710.783153042503,1.9669752265307017,-864.7147276703562,-4.001160874558162,0.9126256950646372,-16582.049671043413,0.3531527191815029,74.5271695156315,-1.068213522130285,tipo_X
-604.7571061483807,43.0878644931477,-1.296617726765433,10097.343609883083,1.9086700001781216,146.25681730130066,-2.811010216496327,0.8861534915663486,-7723.555688019185,0.38420665430147405,-144.8440909285807,-1.4436689090277777,tipo_Y
485.7075391097948,41.34520422287175,-1.1124900912479572,6914.961282441325,1.8991084111303287,1045.7925254411784,-3.2463263444995807,0.8379171171603935,2158.525678985621,0.424319547332046,-68.97677133501102,-1.3685178592841598,tipo_Y
-119.82458877471419,16.168437372389352,-0.6066991597575866,17813.583056457617,1.884977751493464,-4360.750335293193,-1.2827019462251705,0.7917110195977465,-4757.89514374552,0.39504176039507155,-84.36477848544567,-1.2418216669515016,tipo_Y
1439.8771770079184,34.179639248586064,-0.6025870121052117,31960.395955444976,1.8324602554552518,-1388.9330958174314,-7.956258310170277,0.9744433724054302,309.2692718666235,0.35474343551050785,48.90025909068862,-1.221460793624935,tipo_X
417.3420603810491,-20.619516222729295,-1.1450490410975718,-7007.5096182242105,1.8551232299214442,-3157.189032421167,-2.989692638212496,0.905389707445608,444.19415450510905,0.5068292243785494,45.32292926480112,-1.203001994023405,tipo_X
137.7338410781174,-21.574526805901307,-1.1384191402418327,469.11844782338403,1.9122436036277746,678.2781246134731,-2.1767210441471665,0.8989935577305177,-25256.239319100932,0.4326821470436566,47.01230919775032,-1.1590074394269965,tipo_X
-769.7786592081138,9.4111215301026,-0.9174946041425551,30391.89969736922,1.9838399234442048,-9408.406894712392,-2.674441521569416,0.9133533952531474,-24669.894377214885,0.2985338687962905,-113.2969321750513,-1.2546367253564465,tipo_Y
577.2944634716296,0.044189983699629565,-1.7384322919224193,-10596.167026202582,2.087245324123161,-2162.437287213229,-3.988676060067974,0.8322045777110736,7119.512968340909,0.3873591881815681,63.83332283794252,-1.1981237515552228,tipo_X
-466.955639262547,32.44058701933929,-0.7270805046620464,4756.913550934756,1.8997196708135173,-902.9319938155983,-1.5509963189349913,1.0111440752180794,3087.1556870244985,0.39701513878578887,-76.95761191814272,-1.2484537415496175,tipo_Y
650.0921535079889,-32.145450084274366,-1.3937063210140663,-1034.566431342606,1.8845996890567898,1738.9917574943079,-4.404699689593015,0.8638549508425367,6269.5982777764375,0.4317792549314139,108.0758679257835,-1.1726135192997167,tipo_X
1086.4898723153049,35.790235665532684,-0.7426100851137807,3157.2716422600515,1.980638998227745,1774.973991783003,-2.305065225286543,0.8256173944084908,15010.627070238159,0.3028823799975404,26.133776774879205,-1.1573190547001775,tipo_Y
1078.7023030682806,-11.584315155967642,-1.520249401627171,-21791.89266754096,1.8828339358348676,-923.5641336761831,-2.2796798812533816,0.9117336460215006,-1102.9064901512913,0.33384806363233277,41.354468584677484,-1.29536587123187,tipo_Y
1425.6152865294644,-26.1972284422961,-1.6336638973745474,-6431.792674795979,1.909862981535897,3406.1287486503447,-1.9700191673610703,0.8609955822871347,-773.0827655616623,0.45957130728249646,58.602241175317964,-1.2911281602005076,tipo_Y
-723.3354911340234,-27.993380422248336,-1.975536478820052,10222.354387268388,1.968993521025313,1536.4758895270338,-4.697903615556211,0.9496245503633509,-20629.592076205263,0.39584731776140236,2.60167607743293,-1.3150129863767643,tipo_X
863.3306556545108,15.684142188574022,-0.5171037010606371,13472.4367373175,1.8142862619480116,-3278.1186685759735,-3.6285238423019313,0.8391756011386013,-7442.808914551667,0.2953455443138363,2.7829857358387318,-1.2082574442488057,tipo_X
748.2447253674085,-34.82122834898494,-2.0680345800163593,25302.302475800167,2.0454330782531187,1816.9660795849945,-7.098709409524813,0.8561262206064175,535.8160059772085,0.4095478929803203,99.38246869974489,-1.2450677514862794,tipo_X
-993.5769887149964,19.97297023966664,-0.9073596496047117,20676.338929106114,1.9505821074982648,-8433.925918743216,-1.6763365950625078,0.8734773801073223,-2071.994919536766,0.4333970853465833,-148.679328281317,-1.3064590372603113,tipo_Y
178.97054460804603,-20.410131194047388,-1.8415601161827597,6019.607845822491,2.0985060625097183,-1805.584494392072,-3.929205861272787,0.8848367534375046,7518.18281406968,0.40396390335050747,48.10256804049928,-1.2018515425783152,tipo_X
184.62551506755554,25.09716598618332,-1.2415310674592692,36144.33847237499,1.9390119952486762,3191.21214391828,-2.8205582125237116,0.9741181335255161,5156.533075294101,0.4270853475643337,-113.43082784287476,-1.406257462818887,tipo_Y
1320.5101044302978,8.737810542075161,-1.5381893343287023,-29436.93341515145,2.0478087890876604,-4285.466242938318,-7.836871621250427,0.8204073167597288,-9448.40720881444,0.4211830152078693,205.6391977499285,-1.0589625932277624,tipo_X
505.4093919015475,-4.954167055436672,-0.782720457273221,30196.431330000465,1.9752633068395151,-1563.5900175735273,-3.1979190541049016,0.8788125548304603,-3913.217461081579,0.43916007831758713,25.98008847249256,-1.1183927543829684,tipo_Y
-1103.2755487064828,-24.494772712583206,-2.266615438141542,2618.0386349609857,1.9609012844719231,3713.559370694158,-6.301842081623652,0.921313338957456,-13769.80230870721,0.39056618905863755,19.261149867034078,-1.3495614922651378,tipo_X
1187.7229181628256,13.997118905922443,-1.3454135945470516,-24126.87338372705,2.0268552302070293,-6938.397118727731,-7.7062240603051935,0.9135715424143618,-1339.879569567382,0.5263926219726189,173.21372012440716,-1.0683805766306165,tipo_Y
-1168.447033640559,-36.22714546000458,-1.7841189979481045,35579.49007638936,1.9388519312718546,180.21295130511015,-3.041684920238117,0.8969839937590828,-15079.001575410244,0.31491560229717297,-93.98142808424109,-1.3817735605738182,tipo_X
459.72174492045025,-66.90283726056548,-1.9481473847847437,-22272.63452684355,1.9450191056102963,3945.2060196018056,-3.2934636753459374,0.9435918048598146,5059.865177363221,0.4877097370472046,173.30074470955174,-1.127456776436714,tipo_X
1627.6976722518866,5.501044311991155,-1.5067689896707164,-23853.348619082608,2.0415314909102267,-579.6842335472569,-4.5011108254842815,0.9090555333525979,-16262.131650583136,0.41695368346680056,146.2122745314622,-1.1282395120145436,tipo_X
1414.1059359722444,31.142911935157407,-0.6958478660604621,8087.096201722122,1.8475658156747927,-3780.2315264970985,-3.547606758898486,0.9259777270991344,9424.332240077618,0.37622997174714023,-16.3210076002931,-1.2803005377694339,tipo_Y
-394.8787661238999,-85.04666409013652,-2.279887885287876,-33273.382743664304,2.0471504418521485,9097.022873698501,-2.190284395441074,0.9119173784552781,-5787.406783758348,0.38832711462978764,220.67038551384204,-1.029301079507955,tipo_X
1002.5800738020614,24.065864293301253,-1.2624232675168914,-23651.219377428097,1.9247314220406964,-4252.946726910975,-6.081150720852311,0.9966899299742852,-1490.7202004292324,0.36936263804180713,90.6045772218212,-1.2015356867223677,tipo_X
124.02803175067484,-34.11257603959652,-1.9627037292214897,9717.640070903544,2.0653525205755265,972.9552475142241,-4.790784348041132,0.8913175357905776,-2322.2933819635864,0.40910292167747886,77.84520018101361,-1.2013771816926602,tipo_X
907.5938161577349,-2.6956565311857723,-1.4830945418373456,-7989.031528666577,1.9611529591012575,-408.10450767296527,-5.408567910754749,0.9113110706741647,4793.570293158245,0.38803135450217513,100.17015649905144,-1.1925121858935361,tipo_X
-390.2739162072167,-1.5179780217168801,-1.3304909694209233,18137.277386878675,1.8694110800275674,2945.707110907408,-2.8589365334412316,0.9879736295586339,-15728.008741179796,0.3346509900692572,-64.22003062816445,-1.3536799525762424,tipo_Y
834.6260662567211,-7.973397777429698,-1.7917658766305489,-46269.97131009458,1.9562473716232243,1218.7055184650549,-1.793691338811648,0.9920119044110189,38.05694555902596,0.45991012007276716,85.27266592469559,-1.2439205157859008,tipo_Y
-793.0785548355062,19.49351594677801,-1.378955692825975,-6790.413131032936,1.9565057576129028,1313.4556659414702,-1.4976096989972016,0.8313304768346665,7848.447780803641,0.3240694247120127,-73.51699613021833,-1.315235259069009,tipo_Y
1673.2600140839447,14.409672212619666,-1.393043616592012,-23292.56852469763,2.003965197623676,-698.8673823255557,-4.606011328268939,1.0019029553445764,5373.644351639811,0.39244877509675385,127.78384100034867,-1.1576208645185486,tipo_X
-52.46046595440339,-31.314873196359493,-2.0357443734175957,13562.825654924414,2.1156585956528664,2588.35424813794,-1.3948069317364098,0.8662499960758002,20558.578963080552,0.45032087452014685,-7.831697673703623,-1.2740204171465233,tipo_X
1496.1063458353797,-69.15333531706699,-1.995187835777876,165.47300681962906,1.9177810161666888,6040.99272695865,-3.9560865538196444,0.8993987300983322,127.30126698422328,0.4547487237391489,162.0311736865533,-1.2145436375182515,tipo_Y
936.6043051947274,20.465545337945272,-0.43257541330452476,9226.148730919671,1.9009406539386127,-3571.5851402415374,-1.8295049386175384,0.9086101906403761,-1463.8199010465257,0.3871081830011748,2.1086163196816985,-1.1449158194071283,tipo_X
974.4467753872585,2.9750657921763697,-1.673042081217689,-18524.506925485883,2.024265756918127,678.8342300873251,-3.8085892231405554,0.9456284856345628,3278.2980770317117,0.3528616289832409,84.00335254578815,-1.214100296821804,tipo_X
-715.334505212807,21.288548027015587,-0.9876106786751191,19478.818173421372,1.9929784955070753,-1004.998165926021,-2.335660487288794,0.9088186928195329,4658.233236565008,0.41755538371124196,-72.56054784217552,-1.2307518115125193,tipo_Y
178.9484854256434,35.07745267710354,-0.9728229021917765,9256.320041499042,1.919660054448298,-455.5569224283182,-3.014687965823232,0.9394636043111222,-21523.40563202826,0.4565263383566994,-59.33352161325,-1.2998941311458463,tipo_Y
1004.7157814854983,-18.352205528187213,-1.9563860953201315,-13043.803837481044,2.1546981844636433,-328.2060008064773,-5.492402559929019,0.8357087632536896,6588.690415252256,0.43462547647929206,170.18046146583623,-1.088006744178762,tipo_X
434.60086046289797,-21.157681771334865,-1.1320099748396206,3942.619557424349,1.9227483585242418,214.5165005454893,-4.205486227055381,0.8776964606216645,5921.654253688701,0.42578605347749277,98.57702885046928,-1.111849595333717,tipo_X
1452.6274513067863,-13.351515270536995,-1.6930104234476124,56008.880262081504,2.0309668421926568,3142.500889068,-7.700813664055762,0.9785166434033972,-6183.650689116742,0.43041719760977454,57.332606541574755,-1.2866033582594516,tipo_X
-384.16268570089045,8.866958179780397,-1.2536800198829947,18280.29383425083,1.8759083334919096,2785.7679766662714,-2.3956520975585875,0.9214768841026085,3837.0025520496765,0.3219946689299179,-87.67353533100795,-1.369737922282501,tipo_Y
207.82973441942121,36.66395308818999,-0.8557454214207468,4735.776070011246,1.87347898906441,2585.294783308335,-1.7622287063664883,0.8664587866835399,-9906.771716868605,0.4033097325751795,-67.63220670549622,-1.3112495420298875,tipo_Y
788.3439895169793,-33.50037823770121,-1.8067512185935692,6317.278229636455,2.0547334741521306,2594.17920820633,-3.9837211671680333,0.882267288149086,2115.671453581722,0.4282099009381727,106.99348249315938,-1.1677421681187212,tipo_X
-683.1283616023973,3.5217859611872493,-1.881264568481938,46850.49919408459,2.064643053743012,7.249540364771292,-5.494196224845413,0.8845032260901654,6478.221923745161,0.41048652672234864,-97.22035024748072,-1.4003319583121112,tipo_Y
255.8249878693907,-20.046110579177046,-1.4440328835225567,12617.83280175003,1.962287174524473,-520.8607963267231,-4.049084702191901,0.8764227910725955,15739.114122034096,0.3495178881299298,38.574896238711034,-1.2160345430145132,tipo_X
-1386.3007157805582,-60.849668927120135,-2.125141343179265,39749.88084497866,1.9958098134676985,2983.0464257867634,-3.1649096149970557,0.8899717692743335,-15786.743915543435,0.38343330189793734,-56.10688865291732,-1.3476957650953343,tipo_X
552.2155396052699,-17.59326752889043,-1.5412631672425239,5925.508141999686,2.012293665331643,-1823.4493217625259,-4.900581456138461,0.7842837716246753,-19268.562921520555,0.43840880564303153,79.39283874667146,-1.174367662514709,tipo_X
1246.4205061485463,9.79775560404798,-1.1624826629018592,52694.373165047036,1.9253189244140418,-2570.1621789304413,-6.622922748318699,0.8881200766555211,1176.1725119678276,0.3717966560064303,-28.523137187665917,-1.3422869617373776,tipo_X
1625.1554977870992,74.74459281275065,-0.13345546190993063,-32400.942350000747,1.7674707550432482,-7461.507597230628,-1.9619538894614965,0.9641653608772187,-8656.265129345986,0.41106713764291575,-28.133956621032254,-1.2534484151759644,tipo_Y
-29.454046211486556,11.079609556901683,-1.233188853111482,31171.681011480963,1.959583574191511,-3174.3758362413682,-3.619392743769489,0.9293593151149265,-7476.948947276366,0.41307584394256097,-85.54161547978113,-1.3368361514868567,tipo_Y
893.501314008343,-45.20742086102367,-1.617919735203077,13154.188018986219,1.8464040930645684,6539.590730686913,-2.768783598189115,0.8842993157460988,-460.97482866607845,0.501833554060385,52.439180788709805,-1.3029114586784303,tipo_Y
-953.1035586485602,-54.046007085651524,-1.8694987753938614,36091.49523518499,1.9163810564358608,3319.12044057923,-2.9562607382376416,0.927466279278564,7753.734093876286,0.37319902559336626,-53.32468410095859,-1.3594674731709695,tipo_X
1419.955526311443,3.403550440424974,-1.6757098288171433,-26968.088396848,2.028564833721866,433.9681375973864,-6.090038222431188,0.9273148333133758,-5322.618343719585,0.4759068084929676,173.75312781656203,-1.1314358690132358,tipo_X
745.0605465093247,-8.09904334273797,-1.6985570010116766,38660.53170157897,2.047057216856388,816.6440670213057,-8.16993306638586,1.0142833543238063,5972.208275784024,0.37590854870586926,74.39903612875989,-1.229922954189916,tipo_X
1551.74732815303,-12.101808190580316,-1.6531779590976905,35211.392843019734,1.9587604463465025,-101.5106934368572,-8.807636793527298,0.9184770646811135,7398.17831314077,0.40573105704631446,94.62711480428786,-1.275168963679966,tipo_X
485.5647370974507,-18.749348878755825,-1.9124855871346416,-12606.751299164587,1.9787681191680448,5385.208203302206,-3.760731854094092,0.979222181509168,-4301.358800167796,0.36583757104906767,83.45273524625657,-1.2535072527778088,tipo_Y
953.9734915073487,8.406737949488715,-1.022001128792528,29980.183527907502,1.9022653396876255,-3265.9166964773,-5.393435767932912,0.9015213483228176,-4806.4068355032805,0.4437197910383554,-3.1159759048979794,-1.2739211171122737,tipo_X
3213.5361083603984,-66.67509193169816,-2.257507862076638,-46433.68422504352,1.898487484302188,2155.915391082254,-5.207646822423128,0.9578099243932138,23816.106697159696,0.3068539150595092,288.3934452031998,-1.1889003336711266,tipo_Y
-33.807110253030345,21.490797693270096,-1.6887031120937381,-8323.72183994753,2.0378893247641305,1926.58757310105,-3.393558395484029,0.8474263704425071,6900.292113852739,0.32454334474863505,-8.054605736134434,-1.2941095556017481,tipo_Y
1189.1202552137288,15.418259035781698,-1.2397196340066825,55112.933415174826,1.9466515345078732,-3314.0635045125655,-7.283261184569122,0.8674861304443485,-10496.057208146503,0.31465080376295296,-37.189938945382586,-1.3605587270753874,tipo_X
1015.2389680957202,-38.59032189743709,-1.5996951647070996,715.8385101589233,1.8399295062082854,1911.6115502860116,-3.72552292715212,1.0227146195454113,4941.005562556586,0.40266384765352625,68.54576318492789,-1.2907045305115745,tipo_Y
-80.21463896463447,-4.115086276362103,-0.997446804384992,12582.254898551415,1.9459539496736384,-1206.6916782506605,-2.1716746285660893,0.915533522784431,-6424.5690654661175,0.41280095306568915,-8.316053566849437,-1.1851827346489296,tipo_X
964.8297691512296,-34.03398971090319,-1.7709603122695208,22242.051410451128,1.962864466237742,2771.9004564847173,-6.290674572611378,0.9442437629134807,-2537.918758613103,0.3569179266510569,100.359842550991,-1.2374061534008074,tipo_X
-106.17275617652004,-0.30673599160726006,-1.7354515913544826,-10537.110628235914,1.9555289850345219,2665.1362974125427,-4.1849227910569695,0.884588629554294,2714.2845923563386,0.4338245682780389,29.310010460847813,-1.2859939832487008,tipo_Y
760.1124014207885,-7.494640956998941,-0.9478425875269347,629.3129382414259,1.8450648968345413,-611.2939019168606,-6.128932409805876,0.9445015710903832,-22923.82940042305,0.4661614140084439,121.60489031597847,-1.1208764564949878,tipo_X
1800.4163912571075,24.76452870005695,-1.4708269264994158,-34560.58372770495,2.1759628933588298,-6003.769102995367,-4.119397723751231,0.9060861390231816,-2979.341081389358,0.38830622376704454,150.64699507409296,-1.0575374396222932,tipo_X
517.7612718092672,5.211276513184815,-1.2961224340398612,22043.01500002166,1.869832487856628,3592.958962431206,-2.574276619854184,0.872596399897166,-8632.101301791474,0.3691929318202607,-63.50030822075186,-1.3887947015662112,tipo_Y
1045.8564704139474,0.8382178636940552,-1.702065693430383,-22334.68284769929,2.0589770335219932,-753.3827375100087,-5.290459236234009,0.9546808890057007,9574.365557421052,0.3232635576019117,138.98396327668658,-1.1408620263419758,tipo_X
-784.3116034483319,-34.10082359101442,-2.0886808506266936,9259.43380484261,2.0356208639571567,-85.04757973075164,-5.51049664330753,0.9301706719476798,-21453.80262537206,0.3116379813017824,39.66867670325116,-1.2513738404498949,tipo_X
-585.1083075074172,47.333136183571554,-0.4245243234921625,-9833.850754929095,1.8532923433399533,-4004.9607492813566,-1.0033836260112166,0.8633699219290005,-6480.768132946339,0.3574913399273029,-89.46289409487994,-1.2285539502693525,tipo_Y
1015.8733065720143,-27.698049819811963,-2.0845680219675513,-7457.624060951455,2.142429072610163,4338.500689159831,-3.033140265033479,0.8122823363584983,-12439.592377303974,0.358110232043781,122.30975345915157,-1.1649311162315146,tipo_X
-792.3225116356911,-22.093144087279214,-1.7539454652675626,12826.250229372046,1.944167983991105,-1802.6088815176358,-5.604299541874084,1.0099301522363164,-8536.0006652956,0.39847982511435587,1.3612644231982953,-1.2899699089144203,tipo_X
89.73519259728286,24.42371914630683,-1.1727612297879257,19790.75595558642,1.9745804954246848,-3303.2472942436225,-3.8509068114196494,0.882907989088697,4995.126882209705,0.4471434086463247,-64.21619396586847,-1.3056472169544313,tipo_Y
896.1924189780088,-4.692576415756962,-1.5596058615436128,-20528.495697715513,1.9250019174320057,929.6460257673039,-1.7786587878882054,0.985446684181015,-11455.390632439721,0.3547830882714968,28.71496604047604,-1.2933952052683986,tipo_Y
1601.9611733017266,15.315006813563175,-1.324915009124219,-25704.639073613293,2.021985390988597,-4051.851094697202,-5.94073230180891,0.9494694732745016,6778.222336936241,0.4403422110436873,158.79387599706092,-1.0975113224910644,tipo_X
137.57319532953366,-18.55768984424786,-1.5035657739499908,-5411.607792193157,1.9598762578689433,-3529.3280961126707,-3.808799965356097,0.8641685215583097,12375.940735252276,0.3926513185369558,45.22244048215836,-1.2095264358295346,tipo_X
1145.97001314664,-33.752711531596944,-1.572457785679842,11016.094774062509,1.9087165208260044,813.5614456590555,-6.036204156026615,0.8408380194281126,-15475.699373214502,0.36930167960387317,117.55990513213158,-1.2101044906580014,tipo_X
-832.9420992437085,15.47104915918994,-1.467128518449981,-13846.524451161888,1.9662191335242838,2800.9889448378367,-1.0857776650660909,0.9719093196466146,10781.797081925775,0.37039723138842134,-56.37397990658846,-1.3001058934767753,tipo_Y
-398.55694669234873,-38.11071776810274,-1.998321889469124,10396.005673711566,2.0213300721446843,995.9015628100994,-4.9627111342382335,1.0025877092916171,-3487.8184047994123,0.3210076912190597,53.8255931510026,-1.236552731014928,tipo_X
54.954808883284194,38.85832973050127,-0.45350305076022135,-1727.8566613558587,1.848506312313327,-6571.177244166564,-0.6018793118584425,0.9317076851430077,-14536.004670913455,0.4091745054017015,-105.74717765697088,-1.2732482962638196,tipo_Y
457.4126176411478,-52.75216922837795,-1.6201960888089855,-19238.26196307868,1.907854759428209,3006.309776057856,-4.298815216412724,0.8428637686862965,8150.051584632694,0.3396153908393071,180.06887012694435,-1.0910428541292316,tipo_X
540.7452798886377,0.8920825841498914,-1.0332380196906157,32156.54186129604,2.013907337823605,-1747.520878747965,-2.8051062803218025,0.8768874493507,-11301.953080475758,0.3572289213203216,-17.12448890814914,-1.201810449203621,tipo_Y
-519.7257234198763,20.809975437553184,-1.5158122651620904,31233.440750720994,2.0284866272581246,-5870.203162171982,-4.33920242954181,0.7741255276377459,-7132.009002834157,0.48093682607547666,-125.35579152445769,-1.3895434577052879,tipo_Y
979.9093508036416,-50.30791398062729,-1.7606508769801814,1681.4050346404767,1.9199409619439713,4128.513699182021,-5.170727467824468,0.929412166441199,12730.862359074097,0.33853741238899926,152.26251306577683,-1.1769524135622573,tipo_Y
1033.551528426402,-9.88911134187851,-1.3240863926678652,13632.843305040273,1.8974434073075326,-1245.733122566497,-6.05771581508889,0.8258056512455401,3676.2569960028623,0.439551000144005,70.21827544186577,-1.237447166367447,tipo_X
643.0162213577082,36.60501867208029,-0.5933700424844792,3968.630399595537,1.8740653569817465,-8216.025567021323,-3.264844101556554,0.9464462109826353,3031.3106906587354,0.33255521059584314,-49.3599146384412,-1.2521596225799474,tipo_Y
-607.0073383912356,-54.529318288587206,-2.0514928036224793,27326.207663803125,1.9558052124733663,5827.66270977507,-3.5291395025107484,0.9150830952590382,-324.376356331279,0.4886715720146405,1.997632678752562,-1.3243179551472644,tipo_X
-1002.0040924445108,-39.02080065712033,-1.7532263219151953,26913.797345716746,1.9032954731799676,-451.936334790714,-5.924741581154575,0.8522943997254046,-4891.484222433254,0.3690166866964765,-2.764052427353695,-1.3002230163706443,tipo_X
2098.4929897732286,6.44850798337578,-1.4531572300041047,70545.42094133381,1.9388690755884224,-1127.4930383732326,-9.65453212662581,0.9054800407855303,19336.21590540791,0.4210394265709394,11.498923630604558,-1.3929907103577093,tipo_X
-864.7113232137352,10.92241145533292,-1.4144136437157167,-3958.4123111800773,1.9643833541498341,2409.77607744373,-1.0942311310258206,0.9226751568124869,-7863.062491493041,0.4319762430017493,-68.79254238995934,-1.3025907941098167,tipo_Y
-82.35875760906069,-16.380570060625104,-1.763106401273119,6627.217655088925,2.0134678595309965,1686.9700975095075,-4.3318717548994945,0.7308629000926014,-9163.644497960677,0.3191626713080185,38.51454963302136,-1.2410937986811101,tipo_Y
-369.11483926073436,-9.33098606371171,-1.4888222171026464,5869.1735690307405,1.9474182348360662,3197.5080325766953,-1.8467101059453164,0.888226384157281,-2069.290325515439,0.4003351882362494,-28.548098134969216,-1.2883950489041518,tipo_Y
946.4410283804066,15.965280597087359,-1.565754150421604,32881.77640154158,2.0534393909228865,951.7532218341379,-5.220926148327696,0.9314087867340696,-9749.03258706867,0.3555382800904877,-12.80617907877787,-1.3188037812695834,tipo_Y
30.042038449315974,8.29691199794488,-1.5722650496416564,-12751.210583564372,1.9431732226467933,-1584.3124311827842,-4.170860193370999,0.8754307621413486,-3835.0815126543935,0.4906822668684112,8.800346342928307,-1.2933520670877865,tipo_Y
334.8642357401918,34.516666517765636,-1.0911129085929665,9846.610346555415,1.9196038774528905,-1137.1455940783062,-3.1981061407300784,0.8758089553489087,15727.922241215756,0.4207430364483982,-69.41663254760101,-1.3407912359947618,tipo_Y
482.4024212394266,-11.269848049009914,-1.789577387970709,-6462.397015751221,2.0370393355405243,28.00134332017143,-5.198043930310382,0.9439161077257032,-12510.655870452174,0.39923065746417674,93.31871883156734,-1.194773232209685,tipo_X
1363.0751226722057,-32.47769006066357,-1.9991774951887893,17427.474024854662,2.003581538834931,6504.369373198899,-5.403070998242735,0.923944754096239,10538.28333777588,0.36993514208352546,108.04952435386666,-1.2669111380309042,tipo_Y
963.6607754397851,7.979739131888419,-1.3047855427716737,44567.911073219366,1.9719581601248637,-1371.2988101885358,-6.469994913744927,0.9542617530454812,4724.731148873532,0.39179705779317836,-7.217647759134962,-1.3052200985237874,tipo_X
1239.4190086890103,37.82394412568041,-1.0374674771190162,7149.78359301085,1.9505670024019075,549.6519843762578,-3.9690824102803073,0.8822476867715006,-13261.61137158131,0.4554278809239933,2.6051660799738503,-1.2722017914275332,tipo_Y
782.9943344918102,-70.57817742710354,-2.0510886117040776,-10645.664684162934,1.9074591486031807,3866.9838760862694,-5.155467679268808,0.927433416627658,-1866.4184698889621,0.44312454258486983,179.78866919924252,-1.1798076666296136,tipo_Y
937.597434638375,16.729806911139566,-0.5215712434280948,11954.382238123113,1.7911766988488094,-5010.638337119447,-5.614685003372893,0.877946695543194,-12739.532218369099,0.4624783571901653,36.41674127529713,-1.1913628264937999,tipo_X
24.59131239078644,-58.59628970534244,-2.136119158224628,-8662.312760410696,2.0127477268018215,3448.3992677733568,-4.712533280796179,0.9530536274466718,10353.26395652937,0.3834974051181524,145.90964898955923,-1.1567685668411336,tipo_X
953.428801519885,-18.288209419993727,-1.4982235606695242,97.68186044704453,2.0415881599733927,-3023.331857536183,-5.2351485472023365,0.857187510521183,-1342.6978977158878,0.34654176691682076,124.15543545858554,-1.1121449140360828,tipo_X
659.7047752031364,8.866236651244947,-1.159150200906132,31492.270046614078,1.962946445335703,1119.3951534230334,-6.479731335940001,0.8608618333346331,-2099.981222387754,0.44587062527595,45.40194440697625,-1.2074245842957807,tipo_X
483.7680684686418,29.39401240732287,-1.2947434654407202,-4158.3208974009085,1.9207480968125803,17.017968997024127,-1.8834033630763196,0.8555493369764535,7960.9663679515015,0.4025148574906371,-69.61942344209218,-1.3744793425767938,tipo_Y
589.6541241253639,-2.84679383381833,-1.5156087520364485,38948.812912425,1.9969232627713713,-2219.6500388250856,-5.8927559457275684,0.9485130651422511,8393.995388827763,0.39711880332708877,-15.152701964998798,-1.3136803327483433,tipo_X
900.8024622628117,-16.521108394667515,-1.8254000369332746,27765.146325222217,2.018088737128502,-35.02508727379279,-6.688181381154554,0.9663244659869744,-4014.58501936471,0.4001963874839091,54.83381347157332,-1.2836912656730481,tipo_X
-176.0311483428321,31.249429700691856,-1.1801887229929022,-9572.600393183433,1.925112522666396,-1727.997024493292,-0.7542913598312522,0.8864775107353127,-9745.097893144031,0.44089138122465654,-100.90473258789731,-1.3543723218189707,tipo_Y
488.52068064907934,37.527126662284104,-0.4710140859211307,20084.525218232302,1.8499065999398663,-4801.997524597609,-3.7084824509999437,0.8083314091919689,12427.738071645757,0.3445268221650304,-58.778459865365306,-1.255584692673963,tipo_X
3.3061790629300205,-0.6528405405930187,-1.3401727548537488,6721.085749678108,1.920981355622408,2335.4548161888392,-1.0589870985243603,0.8590937124713044,-1291.7591302925073,0.40228119565134896,-57.00153521042214,-1.3260141959480711,tipo_Y
-456.9771415499983,32.57319012410008,-0.8437486633492567,8875.844522583004,1.9721649748314716,-4143.082461162548,-2.3393962643036206,0.9307578275605193,5769.242208765762,0.3388091821422117,-72.93174217478654,-1.2288800412144534,tipo_Y
-373.9428792606255,20.70339445375646,-1.4335134455215948,-1623.0853816521358,1.9069126625172519,1907.9988043987246,-3.3531793012114157,0.903090249333632,295.5930251883083,0.39457530798679463,-53.65235862174689,-1.3558342553222031,tipo_Y
-72.34444101154418,55.66390368712123,-1.1424164784096238,-2561.5077505839026,1.9987862075647471,-5450.693539314247,-3.6543404457438315,0.9266387068049315,7742.300876773868,0.3989410309111886,-84.50626153398643,-1.321317069241727,tipo_Y
813.0891185711595,11.568123074704653,-0.7805452639129643,21589.28420837721,1.8875380054363156,996.068489754543,-1.1827539528620665,0.8322616542071719,1761.71053024217,0.3808679851700286,-49.43327583859477,-1.272494932748522,tipo_Y
190.0772294748986,-18.689674338300158,-1.7766945732445079,3388.15354010049,2.0234362940684725,1049.9359582710724,-2.807915955523203,0.8652761038269275,389.5821835063423,0.39338766512674567,18.77607063181589,-1.2637655354915118,tipo_X
-943.6442335276721,-39.895898424119494,-1.7339364015485117,29294.9863853042,1.9741574279637546,-2264.3598770233784,-4.6395524950991645,0.9179672364363793,18415.433275441726,0.4970878668637624,-18.691784356398003,-1.2729301941130953,tipo_X
-152.1052205616024,-26.05512296132865,-2.0704179568522445,1905.1256790074517,2.0173772757307193,2790.679090967233,-5.478003148412653,0.9427996473665764,-6034.793471017522,0.401784167164217,69.27654032103554,-1.2557138560857513,tipo_X
578.1275093960551,-3.059328174829284,-1.6212604271629865,-11533.49167003629,2.0585809972630638,-3821.5081364209173,-4.883996591486614,0.7995759028209437,-13377.442952502193,0.366052994827363,88.55669472843395,-1.1609489510725937,tipo_X
392.31219928756656,12.223586370191533,-1.2456925423646334,1944.0022993192456,1.9436549101694152,1933.2642644632647,0.40454557847436945,0.9631092173966276,-190.47592477875673,0.40018317242826046,-81.53658263710555,-1.343682885867982,tipo_Y
594.4713718921548,8.97045498935055,-0.9382281578916687,11288.50726283796,1.8925588514593492,-991.9048419069771,-5.117767683441586,0.8478746036585351,-27950.670276375044,0.33343236615613225,46.570249054053086,-1.186794162815662,tipo_X
1213.4342200849915,23.230979916737326,-0.787999910122186,35993.98221530259,1.8780059147906933,-3554.612560190127,-6.500727729539017,0.9099563633328824,2521.072845871708,0.3413777107899079,1.7354563849732667,-1.2638667615610781,tipo_X
406.3811243969469,-23.932488531203056,-1.8181961719108743,-1054.0769457222214,2.0300161591813213,393.6646437474519,-5.467747498572976,0.9243344548885047,-1222.6391411530178,0.3419351587677927,107.85415737343833,-1.176271684275531,tipo_X
-558.0816306530102,16.986280010162233,-0.9216078302442042,21719.774236500154,1.890082777207202,-4926.093136373729,-2.50574308079924,0.8626010171063703,-11502.157345563579,0.3598686352368188,-116.51130201227856,-1.3256784088419624,tipo_X
1297.6573392224498,-4.406816122082578,-1.6266147211198616,-21583.162341425275,1.970679349693035,455.18614817471445,-7.767372650690086,0.8126977446467356,-4933.05494425299,0.4923530644238274,199.64692023557237,-1.1188919883648687,tipo_X
-737.9839293596702,-39.16250734106892,-1.6664732769357182,-17411.521260520098,2.0288500895001653,487.6396742615555,-1.9892266406538532,0.9101115041731425,-21035.96273856642,0.335323461264391,82.47649923537405,-1.1016786813049109,tipo_X
-247.91414444063167,57.33162911665376,-1.2647672697275418,-1078.8147974184367,2.083136107599248,-208.77357223244746,0.007615200576493564,0.9003468338847114,16941.628897355004,0.47469580515228726,-139.1374861842271,-1.3494287362695232,tipo_Y
1076.883104980797,34.64305931895205,-0.8941532134111472,7457.385640287134,1.93558347456585,870.9531100094862,-2.8873739331209465,0.8675944075493227,-5072.372592492135,0.4215248837163341,-9.392658279635809,-1.2537818140079149,tipo_Y
966.4294620343248,21.90125629684951,-0.9038298223614353,49831.07029523844,1.9540532542383882,-1592.501094315864,-7.334709879499283,0.9208895582026343,782.8642828076552,0.3312459639495978,11.799188577535636,-1.2305691836252168,tipo_X
81.85720782603207,-34.415151516971875,-1.7557093268380866,10280.12624991707,2.03334774254913,714.2681515007646,-5.628815864788951,0.9085746275974755,6746.116969682333,0.36971309377444905,108.26383043026621,-1.1438235164968822,tipo_X
315.6448245520433,-40.314318492942704,-1.9032882626400185,-36584.64146957931,1.9419307466887579,263.4522154825617,-3.2458186854835094,0.8092254604714476,-17016.384336342664,0.37726645576079315,128.78205007484496,-1.1816090735560378,tipo_Y
19.03293883017693,17.261926886599927,-1.5777295118761112,-3826.345205099882,2.0387980420603244,1662.9155070131028,-2.0151895777317,0.8601230773153462,694.6798690676394,0.36836227809241984,-31.416546649293913,-1.294061601141791,tipo_Y
-24.773078080107695,-17.499979944728913,-1.8974083419351173,-2481.184058120474,2.08427235004429,-2032.4657206607358,-5.076369508743049,0.8214369519376244,-2396.3344767348403,0.35893160704450333,73.10570486186384,-1.1870041375077203,tipo_X
546.2644369927489,15.905190843522984,-1.1749921090349522,26254.493950070544,1.9978067881342692,-2439.2729004111557,-3.6534476181115725,0.8739963777683577,6137.6684897085215,0.3883424591533812,-40.916294199202234,-1.2794194938751324,tipo_Y
81.24932154387994,-27.755076503132045,-1.4295722424205028,-10818.409403549998,1.9247795379196648,1336.5063213027088,-3.129028066502998,0.8837064958522233,-2955.309750975092,0.39728102115186037,84.89021319895124,-1.1581570664204082,tipo_X
354.66584539439907,39.08764996200982,-0.8937507947180694,6670.39396168609,1.8719858444629152,-1605.235462794918,-1.3860431305524226,0.8444289736762108,854.1648852241715,0.45114483989707915,-114.0210643141819,-1.3772734528625836,tipo_Y
-740.55265683436,37.140012998797594,-1.2418372210546706,13528.240351312754,1.968979391682884,3131.4923800755073,-1.1769052107920657,0.7857786715900588,-10652.87839554475,0.4887439510831011,-137.11349875946038,-1.3785469232142402,tipo_Y
1822.3131291450209,-39.72880076243881,-1.9085419859322168,-14809.584072716614,1.9520582897315577,3093.3443237727215,-3.3822737361403266,0.9301328815916019,9350.753302930822,0.4521835451295041,136.40328978649234,-1.2382280403623895,tipo_Y
446.2726593391742,-13.573097836689145,-1.9714067399438306,21995.08553336928,2.0409220104028156,6434.736686254184,-5.92018521931305,0.8308759486817997,7650.257804449022,0.4664134629532427,61.961515829229974,-1.2766522113797796,tipo_Y
1121.170883113758,29.68731770801695,-1.2980706326028981,-34315.56884451168,1.934132533225865,-5234.447349560337,-8.227901033560117,0.9343220622867795,1832.6569846280968,0.3321049794282447,156.16207029036866,-1.1401905133158585,tipo_Y
-322.44189443821875,79.42727085479524,-0.8494978156267111,-24129.289251415194,1.8107734210457442,-3149.756179145248,-1.8500266947489061,0.9658457898531935,-26699.619894648844,0.3941338118823719,-157.758660699006,-1.4511972936854538,tipo_Y
-271.9903668981864,-31.36779224361773,-1.9154693140037957,11627.164475895852,1.9966150894381716,2021.0298394594251,-3.905224084017546,0.9240566526868251,-15834.537643305384,0.3969281232610819,19.371341819932937,-1.2822284423287422,tipo_X
669.7063400852693,13.125397720421631,-1.5173051895726184,7345.784655165432,1.980720063331882,2013.590995496238,-2.93354376640946,0.8248414070118665,-5998.361107085172,0.39540415048939526,-23.4864426969594,-1.333836964305251,tipo_Y
461.30095482938924,-42.95930014045728,-1.4349558772487614,-14279.510267313428,1.861268674912032,527.8674015596108,-3.7497533131570275,0.8905677088421841,7544.474788155732,0.37083761264714415,121.85392757012221,-1.1537993342422534,tipo_X
-1427.1463932050826,-25.88857826732462,-2.1012330884097095,7327.622207073642,1.8572429175666545,2833.720659240582,-6.940047552178288,0.8746952049101974,-17323.037639970564,0.41089329388030427,-7.874226238050735,-1.393700982897721,tipo_X
-517.4251158665145,14.79435833378442,-1.4671740094292807,-20370.754139712903,1.9298219946019686,-212.65715922499714,-2.3471564609776205,0.9621527955053755,12658.852374309796,0.3779425432929009,-30.738184390238843,-1.3022918171846576,tipo_Y
201.51531201184383,-58.02376596017831,-2.339161240444106,17687.372493900482,2.1065973558966675,4417.616285710065,-5.219019932238049,0.9509465660945642,-8247.127535673928,0.464662460437338,113.5383400599058,-1.2003915562493106,tipo_X
605.6973696875729,-13.269954624281896,-1.5217691729890181,-20738.215801497725,1.8990496508642867,826.8714402025537,-1.4897222720004404,0.8736028501055284,852.7980629063647,0.39573388065520115,26.626523577993893,-1.2825131383888462,tipo_Y
1138.4055046454714,-14.95422795990122,-1.7864849784080596,-9579.657198086436,2.156738611883339,-1139.1883200989396,-3.983344676374912,0.8105050987553872,6115.516115197739,0.3798394294947846,136.06196872190785,-1.096846883205391,tipo_X
-610.6765262778833,-31.18826096218163,-1.6751307406940157,23152.157625754375,1.9489643672154902,-1363.7874281467498,-4.721893364878367,0.9171565510113574,-1172.87408153483,0.4274972983136576,-8.36796248632919,-1.2831864234141572,tipo_X
1239.2791718657065,64.32157097357609,-0.6668603120278935,-16439.479073692622,1.8321316798131986,-3299.7300934987065,-3.056657673295309,0.9774994030016656,-124.36601610736125,0.32405621017887615,-42.8578892123148,-1.3266763585251342,tipo_Y
1399.5532340817235,2.3084503518545088,-0.7693075024610759,27929.701126451866,1.8946129672189087,-1421.1839611504429,-2.642419882795074,0.9289610279660989,7118.4603247962605,0.2772139201924702,-3.4768435749591955,-1.2336248792438833,tipo_Y
1620.1194209602734,19.175922550069913,-1.360068747743842,-25560.906026277607,2.0703357766152473,-4806.346912166483,-4.939124635420204,0.7858182023326511,11063.423650542874,0.47911318784580165,135.32404622397073,-1.1054026478545074,tipo_X
-123.96105191387278,5.173813534102736,-1.329502705258481,8724.876423214133,2.015285320142629,-2385.433755021268,-3.57529924484888,0.95917743684929,8529.79331758757,0.3874760280948822,-4.811590460267874,-1.2170168109644752,tipo_X
2009.7977239251709,22.58454714630301,-0.8325297130104697,14461.383204265605,1.876535730557808,178.85112631053954,-2.1877569318269208,0.8815810510525798,10539.502791020546,0.30318304059185364,-13.766665804525427,-1.3054252417223104,tipo_Y
629.3772764695663,-9.53112263707032,-0.9219210440235306,39568.370317964815,1.9612668352851315,-2113.7928088500657,-2.449371986001574,0.8959135568585656,679.7297300539994,0.46982162648832426,-29.20667346595736,-1.2181079470076894,tipo_Y
1561.5177192876347,63.775531079376044,-0.7117957770379048,-16667.928543745144,1.8418961614988827,779.1637103242947,-2.196395038553309,0.9326118414707164,2983.5892167113716,0.41840827752852805,-31.211695974975385,-1.3294316530677701,tipo_Y
341.69259841218377,-14.703257913432205,-1.2551500527990742,439.68612779915884,1.9366834787807068,-556.623413667521,-4.565719775899631,0.8396085107517446,-10308.1591321262,0.42079404825730743,85.86818629837394,-1.1444006731225436,tipo_X
1130.617039248791,-9.050980283824122,-1.685556510683847,-3165.2508949935745,2.2346663219012113,-3906.7174030877222,-1.3795249973560342,0.8491158977128312,11561.644860274508,0.37407185621103434,67.11488655682584,-1.110338371419054,tipo_X
701.3289291427028,-22.816382757511462,-1.582545572949261,20279.06011932181,1.982593550088369,-1098.5225105204827,-7.490188796784192,0.8413647897315688,4069.0107493705536,0.4062594135880186,111.59207513469538,-1.1760477767456223,tipo_X
-536.394021684479,31.859771179202482,-1.1550481363726897,13862.523586437906,1.948126948603024,-862.4600008403512,-3.2336388048510667,0.8474775252542084,-20093.278186999058,0.3480231079747732,-90.94598086131028,-1.3268938038250737,tipo_Y
168.17640734236375,-5.5390279172889,-1.5392075978708384,-5211.687975405424,1.9233666086810464,-2691.111298975857,-7.915161795826249,0.8531826205344647,-13030.949259319696,0.34745739341472337,107.57926199648439,-1.1906047983807186,tipo_X
1169.1048150801957,59.08737556814589,-0.09754087647621024,-24687.60713007661,1.8005942488437925,-2398.130740416378,-0.49306989388778,0.8854818730359921,-1349.025539885513,0.4044078995678069,-14.858657718821895,-1.1826814940763575,tipo_Y
479.5059748305766,-1.5545599667741765,-1.5246438323774947,-2676.857831595452,2.0585769877033897,-4007.5869712667654,-3.4364696129556958,1.003811029823152,-1279.8485429572395,0.4101774903252488,34.374098492233806,-1.1997768527399073,tipo_X
1563.7016471519676,29.851307823930306,-0.46259828546487236,239.92704522007125,1.9118211158978602,-2164.2102274888516,-2.51687895193884,0.8902259611521982,4459.8944463811395,0.35491576379196565,47.621376648348686,-1.1260817039274118,tipo_Y
-90.41506781720682,20.49680675259603,-1.1445928087544979,8642.870870040551,1.9143364596827273,703.480869288117,-0.543237109006828,0.9240950275782227,-13351.955910032686,0.3671862224282711,-111.82730084178674,-1.3666580926616667,tipo_Y
107.22052182419085,-20.361233398334257,-1.9407004292806591,266.13313786150775,2.0720412435740623,298.59634572355037,-4.039743001056458,0.851398178557285,9258.642946738837,0.38148942250808027,53.72496134853825,-1.2266800763025978,tipo_Y
1190.9284196820004,-1.4069156210212928,-1.1980928915201434,10505.752764708475,1.8556489036725,-262.0853543792988,-7.542575184337527,0.8683599314375182,11014.05889814279,0.3770586361060193,106.40152663902998,-1.2119151967248438,tipo_X
942.664795994872,-32.15870642116896,-1.864952626939607,3765.862674027909,2.2339468526164366,-2399.7963296971643,-2.3391949817476867,0.9017805402862547,-36790.69569868673,0.30694135454616867,105.90755809974283,-1.0800215183922215,tipo_X
-1348.3810886054498,-25.3268857145032,-1.9781311290538763,22873.021422465634,1.9488311032780672,932.8987050580749,-4.275845843454592,0.9064408237812784,8233.305148250569,0.42379016482476556,-74.23342519410157,-1.3944385094203113,tipo_X
339.6145268508363,16.133218674846983,-1.866461782960435,-16755.25536140595,2.022923970365386,2413.946163673444,-4.824039523750612,0.9470121924600994,7938.700106170383,0.4023421182323694,46.31700284595268,-1.287182564518647,tipo_Y
101.718268057715,-10.018425325170947,-1.9033498903221173,-9195.486195061261,2.0067420584435105,528.2595342188766,-6.256656280702458,0.9282079269610135,-2388.097264182001,0.4278860041242024,91.47358782326248,-1.224531439304098,tipo_Y
602.4336505112889,-10.23157192321771,-1.2358318446098489,27342.928565831546,1.9597819660610354,340.9491572645692,-5.148651628382383,0.9303260355952524,16041.137466617789,0.4568967096105999,46.74892390810383,-1.1979301359767172,tipo_X
916.3456654950652,13.84142027229386,-0.98593727497602,30276.25975082692,1.8788970202687545,-6083.601370050107,-6.843813976720356,0.8213819948736479,23950.17466129223,0.31833315691293385,-1.8185438388709478,-1.2838477593493307,tipo_X
-203.4355497948364,32.08700837070419,-0.8138078682452053,13834.879998561424,1.9593872213199854,-4713.285022698597,-5.082912960082831,0.8902309662134875,1793.5915492785239,0.44170949327445247,-13.146916514035972,-1.1804624696390815,tipo_X
-119.46440039719556,19.208710027898,-1.1992446663394514,23004.941842057666,1.9649360780655811,-2636.298949173861,-3.6039732663809856,0.9071923921273335,15290.730936252176,0.4000959183896866,-75.79246064332402,-1.3172929088454945,tipo_Y
852.5001900163717,7.215528816836363,-1.142378595616413,28382.342977332763,1.9929184202599637,520.1137833406922,-3.367527456346698,0.912967550859432,-4093.1655855982367,0.4126348712587174,-6.577669391376151,-1.2428229012587484,tipo_Y
471.4224758365185,-5.895080461447277,-1.707194612293622,-10562.43956896869,1.966449921207961,3828.2243871431583,-2.6949766238543207,0.9420861112045389,-317.34871367120456,0.38185545152939276,33.896438795956044,-1.2836870641287397,tipo_Y
1015.6250920137905,-51.239948863837014,-1.771108977385127,-12304.57177295921,1.9022237534442277,6121.619320208953,-6.479153139099594,0.9362287773008842,-5378.140595054641,0.40654167587584483,227.4924524540771,-1.1039769202654748,tipo_X
786.9901029821336,-44.70102486232715,-1.8592243390928753,14735.53628106179,1.9808258988143084,2081.932589152769,-6.212783217561165,0.9037640554502523,-8758.509310875794,0.36689170238269453,127.82259552287118,-1.1939259005980862,tipo_X
190.7024636128036,-21.792413719750016,-1.305272963898442,-22149.76722612979,1.9015066257328905,-166.97147100328914,-5.063579656491779,0.8984624459405324,-4830.262092162786,0.2981356348515153,149.3098286395277,-1.0832709118738248,tipo_X
110.51931368249143,-9.047786467865015,-1.6041922505647384,161.40763666531348,1.978805900611427,-2110.652068562187,-5.496446579835602,0.8706053823035724,5078.566380123162,0.3707485514775841,56.266291978203654,-1.2213155732066312,tipo_X
723.1431697326772,-29.612714270449047,-2.212303116370572,32392.837360247027,2.084406503105776,1258.767637027853,-7.337802123240174,0.9427517275622816,-21301.028601041697,0.43002389068402,69.88463783702827,-1.2920210567729973,tipo_X
-44.627458181678335,-23.24149781560766,-1.9326909159891725,4405.788299413517,2.004399374131266,2431.7173928705415,-4.352275542477279,0.9079164248417729,1196.6239333309104,0.3317007197877109,40.78519558505621,-1.2723018053599457,tipo_X
1360.541706401953,7.463535365008632,-1.2148132227149964,-7071.901613184007,1.8293727220330052,-1368.3159922988193,-1.667688058803586,0.9663355927918601,-13454.109636134557,0.4495552119680627,-31.477608053569377,-1.378478898692682,tipo_Y
-1944.6779069034287,44.011534662365854,-1.4500533312592407,10405.609435986176,1.908066395106116,436.60367914270313,-3.7833303098009727,0.9048606300378894,-5348.083617042797,0.34290155913969095,-175.73339517016734,-1.4602334775585064,tipo_Y
934.0910313236852,0.8108376866159954,-1.3297699810588925,-8349.297947084993,1.9932694609165644,-4524.787625565753,-5.299733595094239,0.8697123418326912,-8255.481309906307,0.447935591858421,97.74521664251816,-1.1481841697525088,tipo_X
-149.47883028928283,-11.18281705129406,-1.0148760256866103,1979.9489057764267,1.9331984278917436,-1856.6662015754769,-1.3101927026004896,0.82369541588579,4841.248030328198,0.32356234983214455,-0.9216347945329506,-1.1718371539448378,tipo_X
429.20659543460783,-8.92068061346802,-1.1687716033148925,21840.75328423437,1.947056952977489,-1536.3433118090675,-2.5239528546787433,0.8318038145728448,-9337.830842649168,0.4074329239420988,-21.33701070714119,-1.253145817509087,tipo_X
-1080.4385633205825,-34.2277522841939,-1.8333756171183602,30362.569574258458,2.0377303583959825,-3220.151680459627,-4.310849543647035,0.7901806859424053,-19909.912903998113,0.3304246958936092,-38.59371548591102,-1.2785869227896696,tipo_X
1747.1270245668677,19.20556294591313,-1.2993427428542788,-23683.90101159818,1.9677067346305417,607.5863327281693,-3.0674911175723913,0.8333392535453531,7260.0527127796195,0.40715905952101505,86.58938998175904,-1.2096837843272998,tipo_X
26.73817650058558,-3.2544110034751537,-1.6448364177061738,-5426.682631076936,2.001478756875718,-4392.394912763862,-6.632039116089819,0.884118665077752,2714.5423808802907,0.3789824487907111,74.41344648386084,-1.1977812948953797,tipo_X
1081.9765006017383,-11.27837026824683,-1.4850272845659718,-5843.290573486434,2.0073943852797598,-386.6037340558863,-3.8829677636896376,0.970128255886512,-6958.371941873303,0.3859817000530708,97.40823569211642,-1.166234746202422,tipo_X
1704.9509630405823,31.372013426408984,-1.37897462687911,-39009.35368284329,2.047910480298249,-3525.122529137174,-4.590370788052891,0.8750918205398099,-350.43386168118764,0.3783705570182339,132.99196129647805,-1.133802947906016,tipo_X
834.5366728046422,43.43463723069309,-0.8025457333094682,-43.7025014819842,1.8938686356067165,-3263.8774458900434,-3.233907952763765,0.8973272079094685,-8486.99307453557,0.42866996220147674,-37.413193714074275,-1.2845583603968955,tipo_Y
67.44455841022153,24.45025181548084,-1.3239739888475954,-2822.329581379917,1.939980167398557,644.1042557221435,-1.6515067006076878,0.8284456984712351,-3546.0315722557725,0.3835108413248902,-71.40722299840546,-1.3509615899125826,tipo_Y
1118.686291135619,15.379701958941379,-2.043186403452933,-39730.78305596446,2.1497539261440743,262.5485344926409,-5.0668957491185385,0.8792579294059129,-9647.088108208323,0.44399992547575445,147.87671251790582,-1.1581828707913346,tipo_X
1575.0549358027906,-59.76357654658648,-1.8672809645015176,-5506.412329159932,1.8491825689169092,5177.972394004364,-4.192932081971598,0.9969970060629776,-11585.536403778096,0.3564316701243381,147.57344335143264,-1.2532909052823227,tipo_Y
1297.9470691384333,-7.877033236729071,-1.3527843168209606,1907.3635401965144,1.8341448560761089,3419.6084415910036,-1.496921407462712,0.8567632463598995,-9060.599471717976,0.41439855945520254,-12.820915592494888,-1.3714558479855068,tipo_Y
125.47572500751536,-9.788527240637249,-1.8617434691274264,-6256.400276185019,1.929454191689626,3368.5419806270293,-5.698969506775057,0.8801764967163652,8482.749845517303,0.4108167699797733,62.09236610602935,-1.2949415769263368,tipo_X
271.2428384760568,-25.056026926891818,-1.7928166623490192,6928.115068606337,2.1084924407637637,-2714.9859472309,-3.568430417620683,0.8630312221814581,-19496.23979140647,0.49476034774961836,53.530883670509574,-1.1787136479269722,tipo_X
392.27138169873945,-15.260264068519147,-1.435777622305351,11799.618622494758,1.978065971993386,-39.685300525819,-5.585717183658163,0.9575627854072186,16401.275711676768,0.35273482700432385,82.8512004634704,-1.1692386788371005,tipo_X
1458.0630043523458,11.102109837353481,-0.9180854949417666,29823.56510305413,1.856113670278643,1432.5372305356987,-7.7728505044214815,0.9016529676697415,36.50410442114617,0.44870825156011507,88.03200491015274,-1.2070965364314246,tipo_X
2326.427352681259,26.086613630038595,-0.7985141493786349,11319.950606634786,1.8774881139161543,-777.2894770216093,-3.310948555495963,0.9969923193284679,-326.37361962441014,0.33438655502630865,22.089228757969835,-1.2744452698699593,tipo_Y
1292.8299636429294,-6.089957484092233,-1.2838152629880515,20944.520583568665,1.8656977663118044,-220.69578711559734,-7.602214088660686,0.9906061308668641,12723.575028063842,0.3770432414525699,88.1281126399465,-1.2477200914141693,tipo_X
70.35867679570035,-62.805760799530304,-1.5911381267085223,-28616.03821194198,1.9195615065445046,3266.7332552392595,-3.0413013410152927,0.8982356786656922,-14612.799217533078,0.5074200158125358,193.17882022348712,-1.0330886522327705,tipo_X
843.4599661122887,-2.0516279178390473,-1.8388012942178256,-13668.17097936873,2.1503634295195813,-972.205503213568,-2.4670612216843546,0.9001606691812261,-7413.5173617872315,0.33483957554997407,64.4438407105672,-1.1866291793063708,tipo_X
959.5211612755411,8.505891402939469,-1.0407557964508878,23623.240670147305,1.9012424079660946,-2028.8861354213927,-5.138323231098204,0.8965592983281889,-3724.9637012147027,0.2916161326156807,11.237576201415898,-1.2601340873946845,tipo_X
810.592467467068,5.522735797105689,-1.309662384963851,-10422.307834547752,2.0669546009205226,-8837.90681161771,-6.110449020463688,0.8270580005032914,-8545.564708191992,0.41956070685608604,115.16963633205235,-1.0816301829769301,tipo_X
-7.454480959350189,-7.617674390931869,-1.5538451766152133,8483.591268414179,2.055511191715435,-4657.878096811311,-2.8453128363914164,0.8992794961375551,-7555.0560383350885,0.40155151089822605,-17.239296770054125,-1.2429898956695462,tipo_X
-298.68111686881247,-39.96125834935373,-2.290339973443168,9864.00723298686,2.0575992080095737,5192.531798323313,-4.558779448694173,0.8771547772390086,11460.042218617089,0.3183225042372743,55.690200234342804,-1.2760021765452922,tipo_X
314.4003745842721,65.46171520637937,-1.2627004265868875,-10944.941617156801,1.981926729763608,3721.090014459032,-3.026093242030174,0.8845350828552684,-20544.687342229285,0.41863601802114364,-55.81067724111216,-1.3473431127061146,tipo_Y
189.38674112882288,18.205154433376837,-1.2617535898244678,-15538.844247127578,1.8528117050856279,-4819.308017345303,-6.560644705830773,0.9538075279930919,-26420.444041677263,0.4130524427861244,41.83054571208038,-1.2629120060153405,tipo_X
-614.5487821000565,-5.551573258215788,-1.5615039248726947,7288.287650888296,1.9018458564512426,-3363.5860754247083,-6.022297736461745,0.8354615143567857,14022.551300560155,0.37759441701656343,-7.786985463775496,-1.305741353680872,tipo_X
1069.6483393378046,18.69338261501742,-0.8969987697314495,38616.1154248379,1.8923723030106046,-2489.990509209632,-5.427278363936985,0.9862544467963714,-16860.20680766228,0.4125771391344288,-27.206257777044286,-1.2993277054252335,tipo_X
64.53822881121874,-12.41524706928474,-1.6716678551311044,2964.208189007396,1.9914661992007783,-1406.05085048922,-4.604086456578001,0.9391296068111836,-11437.896369834421,0.30484711733461933,33.71376995725343,-1.2474675003539586,tipo_X
-14.741319383649579,67.27592835170671,-0.531377368552622,-22411.371493756058,1.8664763254991958,-3022.9296721336914,-1.521495411664282,0.8116501740357154,8414.6075980707,0.5050498035673909,-74.5605123149055,-1.2637361025743328,tipo_Y
402.04332032492266,8.794978836803702,-1.6326993450809837,-17016.727377239305,2.028249958974617,-4546.915623688601,-6.754640000111368,0.8994103169920256,-10009.423060931784,0.33589213362060566,101.6778750938613,-1.1715037819174146,tipo_X
420.05380980364606,-45.46632521683084,-1.3927917399195713,-14076.155559318115,1.9075734959408053,982.1370756189101,-5.066852907516397,0.8650528454346884,-7319.353773161914,0.42449999949578926,185.01497137501804,-1.0480599180072014,tipo_X
-582.7044421937107,-48.752227947845014,-2.175988308819944,23716.94621666302,2.1195367942397874,1243.1145019822934,-3.4415383641809605,0.8246011305939348,-5405.192377498576,0.3734079557688703,18.227023500370024,-1.2416066472054104,tipo_X
688.7913578053822,36.724399388918116,-0.5180184763967439,42560.67038320279,1.9122924632590914,-5290.475165284586,-7.1521526725112174,0.9340929839126678,9210.313977701117,0.36781005311777537,-5.678282265436307,-1.1939468574635475,tipo_X
1592.813017969164,38.37207331263509,-1.4217272988955205,-47221.68209918531,2.0562275444811955,-6245.17918454541,-7.124579242202731,0.89441372189913,-568.2215406189582,0.4146862065361952,181.21492738343767,-1.0870374654678827,tipo_X
1784.9484005506793,-5.2599045075594475,-1.4850653420701634,40351.1888725653,1.894974200339602,1808.141510163934,-7.8839137929075145,0.8125064791634377,-12535.281509838445,0.4791671507107752,56.73927218421396,-1.3360533663031304,tipo_Y
460.60405884779783,-23.04376879118906,-1.5880539118102401,16549.808641610332,2.000216228147169,1830.776979325144,-5.55116708105767,0.9149489478204511,-27019.009116524263,0.4678688171818347,90.1109638085547,-1.1773928729819048,tipo_X
-447.1069644681784,-17.021985506944375,-1.0245340687852418,46186.79746674557,1.9704228150224292,-2745.310510493928,-2.6231987963723893,0.9738662735842875,-8817.427573268147,0.35565510855555316,-66.58948601394404,-1.2288472838117064,tipo_Y
601.6705807298246,11.473433227861952,-0.7599890682071894,15962.791864520497,1.8554652052376484,-3744.4904271777423,-4.218291021047026,0.9905853190631134,-5289.947231873192,0.3881762998239887,-2.7106043080181372,-1.2278962033439311,tipo_X
798.4787785253907,21.50809664161149,-1.2649635027502892,22833.621924546824,1.945478776220412,2137.878409024073,-4.15372937497986,0.8521316568398836,-14278.166016618816,0.4435169276786207,-28.788140296853577,-1.3306225056618435,tipo_Y
-237.88589899354665,37.71446638306591,-1.1363426060026882,10641.898450616667,1.9241991799079339,-4660.1721781397,-2.859418300895946,0.8740601548391028,-15557.49306104904,0.43577379570739094,-127.17266926938368,-1.3901237836875406,tipo_Y
-316.5703760915489,-0.16889848201945235,-1.1565864751501467,21842.45165540519,2.021701926896499,-1626.2200988401596,-2.4815952654561118,0.9086331349163607,8395.803832955644,0.4726320153927005,-30.925579296424004,-1.1984107263065398,tipo_X
1204.5289231064642,-22.95523695509783,-1.2780945423019108,13791.687582744624,1.8076547812010606,2875.0152471501588,-1.5689825727956137,0.9091372222061924,-1700.833246479941,0.3431998702166881,-15.426770574339315,-1.3609559872520394,tipo_Y
541.3722178249594,-15.310115687721142,-1.9905972887602283,-11734.226594812902,2.1019424747302833,1694.6198577255354,-3.724741926439221,0.8428546454657407,7607.016240845856,0.47420723385094815,90.744720403227,-1.195613662331235,tipo_X
474.6772641875895,-17.428177579488697,-1.5679068713847153,9213.244633957867,1.9023398913263974,5673.055539254531,-2.504315135944352,0.8950637002925877,-8797.410069308029,0.4770226111131518,7.231465384397988,-1.3190806073406993,tipo_Y
1821.6399738409225,8.124823545584865,-1.6519186661631897,-28370.035463560605,2.1424531146766506,-873.415536314643,-4.134853620608032,0.9121394190246703,8406.61764933338,0.3532480239810656,167.90323676402667,-1.083794878402526,tipo_X
-90.80296774530265,-0.8353036134662748,-1.4531201795699893,40185.43610725722,2.0791741165845763,-2894.5243837960197,-4.775728843684188,0.8933158214174766,-10093.793236358744,0.3445211760092613,-33.13905928956576,-1.247964327278015,tipo_X
513.6249209811756,-14.771098132818095,-1.3842103476972432,32356.134380102005,1.9862205843056677,-1316.9872951166108,-5.690733678789202,0.9075085000220046,-12703.880016599715,0.35535640693330467,37.485692500775926,-1.2177853692047846,tipo_X
292.1052473638593,11.27504683272326,-1.30260944385498,20231.03006249692,1.9124413484960763,2526.3235140537026,-2.4106357748588803,0.8706467855463131,923.0183994563945,0.4341456835587606,-72.72892778860987,-1.3717172034107057,tipo_Y
-1167.276267677013,6.081264202639267,-1.8170183585843545,42908.38619456009,2.1569234458040234,-1805.006138569438,-5.114255553748623,0.8189127934555138,2660.701003558606,0.36563804855194887,-82.23354711245446,-1.2990069559097683,tipo_Y
130.49795928681198,-41.495920528189046,-1.9042502365963292,12951.340147024819,1.9862494291287336,3577.388671218466,-4.431788808240577,0.8881969528057362,11180.094497498676,0.3247929058374467,68.67764948718388,-1.2394536277228505,tipo_X
-108.31416520189367,22.675797243800233,-0.6860115778485345,36151.161401167825,1.9537017505568557,-6686.132654683994,-2.516497559886159,0.8318455986593352,-669.8442557226037,0.36177626158435366,-110.10207232869655,-1.2631598295908284,tipo_X
-646.8993223107359,64.2553473006252,-1.280115834974303,-42176.784923380284,1.9793902992505088,-4949.302485825908,-1.293694303100689,0.947998563930309,-3924.438595569382,0.34280185874527097,-99.31378141118793,-1.3415204189921266,tipo_Y
941.1351828190326,-9.731173678581984,-1.6861540742452008,38165.50452248394,2.018362785401519,240.22989295290864,-7.706623093601591,0.9561747909918141,-20290.67691250726,0.36762227658394536,59.43494088061716,-1.2648679946165293,tipo_X
356.6047670531149,10.418121619741514,-1.1179132711466375,28901.692866312893,1.9774841541305177,-1855.9044590136386,-2.8842765601359854,0.8756241195566529,-5427.714838815212,0.4055762214160895,-57.66243667077819,-1.2851388293456478,tipo_Y
598.7847206362616,-45.788632327747514,-2.0318915146816745,-25405.918498637042,1.9621533568143195,1851.3530018697888,-4.503153365341155,0.8912129424881847,-3688.2651849443605,0.37724607908014723,153.57541727244748,-1.182313561866901,tipo_Y
-199.62369622358025,-41.226511840833695,-2.045862363654388,17872.3805158698,1.988410451997683,6325.788632027671,-2.7338811373774305,0.8802557928686366,-18276.309437860982,0.43286216793763416,4.254298214978134,-1.3255723584731862,tipo_X
-206.5316893169206,41.94845277423143,-1.104060885082514,9682.827161175506,1.9424769562843938,760.8027919173014,-0.6585618160031439,0.8890465787756123,-17718.284442788106,0.39512181407892205,-144.73746486872437,-1.3957745315764303,tipo_Y
1575.4282212324351,-0.9203657692452438,-1.6287842755003574,-11271.242155283579,2.1903891859730864,-1459.1619293484073,-1.0438291093064604,0.8923985047848896,1716.7708053998667,0.33896425612669107,77.69815310794392,-1.1343752758819068,tipo_X
-238.75864948609686,-21.37099025757567,-1.3796494022440016,-11516.410269782216,1.9750811034731575,-3448.7540477341854,-2.2350888052166695,0.9191589465124368,-2669.2195067419216,0.37674238194418064,38.52654661699406,-1.1603843265635314,tipo_X
283.25583261543744,22.49606522793448,-1.5985171142141956,28893.15883814382,2.023350418551399,801.2105896833314,-4.46624281789471,0.9622425608977261,7427.532550021759,0.36687530927316325,-70.22726193458533,-1.3833034648156595,tipo_Y
-296.06043154388846,-28.446925416830126,-1.4667034352679795,-7471.580212136494,2.005484893892675,-1739.9424215958657,-3.9255330147217995,0.8753870406016582,-8256.20498504949,0.5214968283512008,96.51690722578785,-1.093369344656855,tipo_X
-332.6746850205818,-29.949256564932,-1.6613521952789796,2543.9963933101676,2.0469172934888213,1023.6486839307825,-2.456692989545772,0.8542240473138624,9125.823565070948,0.5251959174235069,45.65407687823149,-1.1652596666810195,tipo_X
234.38605850978368,17.70744900822028,-1.3414124089914532,13604.062813630047,1.9667977993179473,601.6518745940434,-2.2394471476557936,0.8206635127368538,-2985.3612654260255,0.44404165423143205,-70.87565014146618,-1.346715302339147,tipo_Y
1856.8302115570368,-74.2089305067803,-1.9950260967927846,-4807.423065011218,1.8469307381216877,6519.321469264061,-4.628136709601151,0.8524718200165431,6119.826013529179,0.4305653026708245,187.2333026993911,-1.235303919493699,tipo_Y
637.5835417023342,8.432007572779213,-0.5959140499227004,20716.688246476962,1.9202828349091785,-2898.728869528337,-2.2363369254852588,0.8233380887326092,-3869.9406180661936,0.5048394698440083,-6.744560604368781,-1.1595015987088848,tipo_Y
-1320.653866046649,11.820846938741912,-1.3205930119653133,19979.74013290682,1.9412324951541902,3574.967090684549,-2.1060968356257916,0.9405184028886739,-7783.182965381492,0.32213694203178517,-108.26352402174467,-1.3360825493648585,tipo_Y
607.1427398383676,-43.95373650314511,-2.020922695707081,2775.692048331157,2.030735934802418,5715.559497244734,-6.917648101320327,0.947429944117407,4552.8025829230255,0.35625865655127364,191.35422500932745,-1.1198691978542263,tipo_X
-641.455364305192,-5.351307593037156,-1.3027035616707878,-1948.673627664235,2.0234061705839,-1753.7114665429508,-1.6460994118397254,0.9410335305032482,-12366.84557271639,0.36617385954297155,-7.273848661946785,-1.1715753360622756,tipo_X
-447.4637682521462,-43.523780707301796,-2.074730009343222,12939.623888726077,2.032789122817635,2070.8329985777705,-4.388669032163178,0.8930120584057919,-8285.22980723928,0.37380630203037424,45.01213112022825,-1.2485919878338883,tipo_X
1075.9805140770854,13.036750079663406,-1.5524860478856422,-25383.53883387843,1.9363402608182008,887.6881963172979,-5.989349047072235,0.8974499280824693,-3707.604065964894,0.3837474565400561,118.85829252519889,-1.2160300684681555,tipo_X
233.38462716134296,-0.4723154571206116,-1.611324553438893,-3405.337758652905,1.9664943446708838,1246.7199910064414,-3.2838731641673515,0.9156778042594339,6346.885709286139,0.32172592731253613,8.704377704511442,-1.2910905272956374,tipo_Y
-473.6425167264215,4.929787013388285,-1.246335530962493,16.74142316467487,1.8489464947444065,-8754.553528750223,-9.04249831952205,0.8995635737388604,9337.028561980636,0.36936564300959923,52.94649033705387,-1.2207188669891098,tipo_X
-178.8616564278797,-69.59267296543462,-1.960506146362032,-41979.032012459116,1.9602204818216011,4413.335923601566,-2.6428681185238085,0.8642952604865988,2075.827147666853,0.3441898090173886,202.80910640656208,-1.0520387998979552,tipo_X
-337.14067269584564,-38.22981003200592,-2.288445490668394,6211.523607439616,2.102091510519804,4220.975278634651,-2.8239347161549633,0.883979304380464,4077.714128055116,0.4797150626881671,28.067832196840897,-1.2758165917963074,tipo_X
373.442576771789,-18.30174101836591,-1.3735408640419813,23622.311033497503,1.9810250204528113,-424.81492664180416,-3.152211511888346,0.9482476545000738,-5359.089228432589,0.4441484000688017,3.9739866231412804,-1.2386033854039034,tipo_X
951.6975885089142,15.513538185999828,-1.0767508334939153,-12411.957799069294,1.9569898383142217,-9254.341723070347,-7.773219721061485,0.9657741187435434,15200.9049101358,0.37675945578094816,127.09944412241822,-1.1008879538630667,tipo_X
975.4656430492475,-9.248357599396128,-0.9651496887770561,8806.57771985229,1.8393917981662886,-3312.053278530223,-4.95746201166326,0.8479398429718359,3850.383299797568,0.3397271960782245,60.12881580359163,-1.2021548503772526,tipo_X
291.4412828356659,-3.372837926988943,-1.6123705022911252,-10064.065137470527,1.9475279604073361,-1758.811680379305,-6.278493940235439,0.8233098194322491,-257.5103326426713,0.2911491386318551,83.2448962570133,-1.2207142941585323,tipo_X
643.7762443769824,-12.3700338449918,-1.2830003033990431,-1463.1580122480946,1.9087841684594602,-160.55130258867882,-6.559420196301689,0.9656153379639022,-167.7799975312838,0.3401290839691775,132.099535360192,-1.1319192251264056,tipo_X
510.79927852155976,27.323023199107674,-0.8969384203983848,-16292.7303700222,1.7974972191148024,-8419.553113542801,-8.580675568003855,0.8666636393472452,1585.8043757849969,0.4255365588250253,84.52531755428814,-1.1964678730045786,tipo_X
803.3277136643709,-34.64558824809246,-1.8443570724337404,1589.1155350918023,2.0488707394012335,2642.248126575238,-4.59577591708106,0.9217930872344628,-5387.009555830526,0.31954679610147646,130.69168130151908,-1.151162319709376,tipo_X
254.7429885775792,-12.428544520513908,-1.894114509557584,-8487.683049204516,2.1824699128963285,-6191.448739150199,-5.6111842786104305,1.045686321856346,2997.5264731074985,0.366455794582327,111.88541170206912,-1.100231403033219,tipo_X
-421.44772603616906,-18.77575229187258,-1.7758831459990747,15875.037383860637,2.061024905729053,-2091.1742732003822,-2.4196092483070997,0.9528258843667936,-9656.19946544875,0.4234988260620953,-42.816168094223165,-1.2896738794750553,tipo_X
434.6872541279662,29.52011335703203,-0.3645584174368264,1165.6820942422123,1.807982555950258,-51.86360307002542,-1.006632717081155,0.8062181190427635,3156.157183625014,0.4514503863326618,-38.03707326516114,-1.2140443566049761,tipo_Y
952.1716459185953,-19.41526677320521,-1.5899068572143298,3939.5926716959166,2.089240234311003,-2496.628462417266,-4.371628103595116,0.9205604002286149,4660.920175066317,0.5175642279739858,105.72883958047632,-1.1231289050670152,tipo_X
862.8905173934036,-2.976649365400881,-1.2622432610048433,28585.99012775501,1.9478872640112594,-1971.4577423848614,-5.281187546231262,0.9627925993949394,12390.58277127788,0.4089343114468075,16.247903774739665,-1.2605460236525055,tipo_X
-711.8736930665467,-28.54532616967729,-1.3713863473101437,-7097.497404384916,2.0427091868833007,-1699.9569834286253,-0.3158180430846347,0.9185274208096781,7042.627520458231,0.38385755426210566,19.96655286179781,-1.11462231005488,tipo_X
1997.7191591271649,-3.382759163035397,-1.4677921798742475,-19539.243293927557,2.092863510027742,-984.74746936226,-3.925683269098733,0.8949339708286762,8473.448167317747,0.4301705910153563,172.22531483378572,-1.0688513575020717,tipo_X
-1100.36466126053,-15.061217791379294,-1.422269503325255,33792.18832101673,1.9189125161018237,3900.3773823123033,-3.565119085722575,0.9237753858541752,4401.037927121711,0.3725891786002621,-61.39482596891004,-1.3088683676224466,tipo_Y
1018.7869435279443,-43.487562255261054,-1.763325137742462,15332.014462567802,1.942971689806278,2399.423615677342,-5.507184961061638,0.9401638629621528,-4706.687952765762,0.27908738631219115,110.77356579065841,-1.2240037845668263,tipo_X
768.3763799406966,31.058505043196966,-0.7672974398514272,7221.941942556405,1.9062946424449112,-2032.031395769276,-2.881129890456637,0.9258457603583966,-11118.543876826168,0.3906104689777916,-22.999793894515683,-1.242898363889331,tipo_Y
82.95555336611915,-12.292337083165288,-1.0980248759652302,16952.009109244937,1.9432133824517095,-2772.551740401017,-2.913409046160116,0.9239334821656444,5507.838257601181,0.37270246485178193,-1.406081532997895,-1.200436972907692,tipo_X
253.89971967448045,-10.534959363141448,-1.6704333736342358,41245.717267368105,2.067528677322307,-1344.6121621508246,-4.233071410725041,0.8405881215016411,-9225.237098223952,0.38379798482539546,-41.0516622799521,-1.3113682572435845,tipo_X
718.9178971479214,-42.55824545329333,-1.7149559076266958,1900.8561924352268,1.9569500031573253,2034.6252329588951,-5.74147839844344,0.9264681259734192,-6054.134871322326,0.3556399469638385,149.81652457225505,-1.147055633755245,tipo_X
2817.8238451231314,37.77315372243997,-0.18247856714130517,-6943.699711711943,1.8316494579161207,-622.0068920717571,-1.6546574639535345,0.9682077952221902,8263.825106035587,0.47254588845578294,72.12973365879903,-1.1400356521093067,tipo_Y
161.3125574854983,-25.10621587442384,-1.2449560135062223,-2240.9456124957824,1.9029447924382554,1059.6726652035113,-2.531004936448065,0.8673983378700105,8953.973513212679,0.3355305629099216,56.76520542461599,-1.1722610796320465,tipo_X
394.44722474532966,26.254336505272427,-1.0229633831176959,26180.8889848435,1.9432056170746812,-7258.953092320215,-5.590271137713522,0.799463623897278,4508.10469253681,0.44063453139985,-50.305568357135044,-1.29557354955951,tipo_X
1394.6406747223632,45.793005619952744,-0.46406257205044876,-6345.776457103677,1.796817732294091,-3565.634711601786,-1.943316345578365,0.8692174825086538,6969.890625162375,0.47581338160753583,-42.997217623438,-1.2959496261159917,tipo_Y
461.05315162947034,-17.173860838528164,-1.1814724919049273,2130.8424860991886,1.8962908528284212,-216.75787140349223,-2.784251908206082,0.9450245679619104,5481.476428861804,0.3051582269055856,40.285521805648756,-1.2024296065035778,tipo_X
1611.040499368682,12.308817318663703,-1.1806879798975134,875.1882473661371,1.8176116356379342,1999.457232098705,-1.0399026491924293,0.9140111088652846,-1550.6317252951012,0.386928255597186,-51.2873845586165,-1.4181821396333614,tipo_Y
742.5024837535374,19.556293613224387,-1.5921970268878332,-30697.54826607711,2.044743416008764,-4859.251828240744,-6.322141609953951,0.850752045138783,10616.431138429709,0.38341043228888666,120.52636930193798,-1.149995670149441,tipo_X
-405.5579941713235,-25.996068881028734,-1.9150575434443236,15218.538994823673,2.0702970082986045,-853.8806483574189,-3.067589903423796,0.7819229113852821,3448.3453323921694,0.35368009677638423,-14.55009605809083,-1.2765144571905185,tipo_X
192.3456781907523,-20.650735924875853,-1.556121800092566,5683.1524215710215,1.9173385295801475,-553.5337546613922,-5.724796821752134,0.9181217186200111,14677.870906337967,0.47818441381000065,66.5943004217551,-1.2304325645640164,tipo_X
2386.8596805790085,51.62743794952729,-0.3916649837057924,-14912.127387060398,1.8111024033414316,1608.0011802045083,-2.026571032002764,0.805497431217776,7591.3468460492495,0.38715716690311786,40.2144232450324,-1.2242670448203843,tipo_Y
862.195306153061,20.866658960497013,-0.9810030978850093,52556.39222061561,1.949444101620168,-4684.807359554118,-4.906216992450303,0.9555841673044517,521.589447799859,0.4911730372638802,-86.96786389448816,-1.3479712249690516,tipo_X
-193.9169175202459,-26.604711394987724,-1.8692809648953237,6426.288883019372,1.871561794308659,5038.297676243943,-5.5024382443421125,0.8502744696802335,8456.871305110364,0.32967322715659925,39.55499422066254,-1.33125969979343,tipo_X
996.8932404833562,-9.386693047708976,-1.6935913200973038,-10802.907801220052,2.11057023440427,-2461.1222381409584,-4.837426129047425,0.9241747999982624,-6861.728747167198,0.42782415183336714,130.14516225857045,-1.1111516346737975,tipo_X
1278.4077936769795,-13.617518080596986,-1.0785273029486886,14797.921351505536,1.8491676418245713,-690.6883104492789,-6.7512622374273885,0.87777137767306,-6617.192604424205,0.3400077563305809,113.74573983454745,-1.174991292094986,tipo_X
953.0667961403001,2.4675503603417432,-0.8754325881097909,17860.52234134287,1.8456848192823494,-2395.3292879593023,-4.4191905495339086,0.8835273626780332,-2880.1209832127493,0.37149404015863796,16.66434499092626,-1.2421067325431243,tipo_Y
-603.8034961290758,-15.901699132475288,-1.2332412427145958,-13515.117724752246,1.964204924862802,-2813.914769934524,-1.548925690347323,0.8833599340458504,-1691.1147176527345,0.47965513962543743,22.147104655325016,-1.1442779058465193,tipo_X
-202.74582191777205,18.619529059358342,-0.7180993857377361,3387.139436880195,1.9107332720932613,-7097.912265876212,-0.4325761656223852,0.8875349289264992,-3694.3451892503012,0.3835454819551152,-97.01583394004844,-1.2539484735835682,tipo_X
-139.71387886202206,-19.479578003667626,-1.301439712585357,3266.535502905545,1.9656360413654714,-594.5589693175776,-3.2653705611511272,0.9356936317372906,9536.766149726767,0.38206226079268485,48.915268917635395,-1.1535995145625164,tipo_X
1597.962862010016,5.498579426972348,-0.9792930425913218,28203.62713707438,1.9777209649819767,-2601.704604252026,-3.695895746893702,0.8504173714207722,1940.1608936472162,0.4052940086169354,20.63332573107289,-1.2147722623354882,tipo_Y
-484.40935028729024,-34.307004045388,-1.8273979715612274,21289.762024748252,2.017475736913202,-749.7576754008927,-4.491063204999747,0.9109099157650972,-10870.978270111133,0.3597282339947685,12.617078511129971,-1.2529368443871247,tipo_X
1303.965634456331,-70.22692197444314,-2.0152686013696206,19936.751054607048,2.0117528237742843,6243.985597697473,-3.8801632676948596,0.9489107099970752,5715.616368801313,0.39228685031350896,143.03327344703104,-1.186176076645055,tipo_Y
303.56128010633995,6.463711836558859,-1.310909618616622,35851.67053102392,2.003448422194753,-3064.298141493085,-3.896796843412066,0.8720053584546161,6442.752421090037,0.4242649242749841,-63.14070468754119,-1.313979186905189,tipo_X
1314.4619501897062,20.961531785905862,-0.21413257157553955,-14505.822881774035,1.65162300760747,-3792.60865252243,-6.516213865635612,0.9269898906091689,10735.860852616957,0.43021781482237437,117.01592116839542,-1.128972220274465,tipo_X
428.0086479027491,-12.616244803960479,-1.7940822019789366,-12245.75632499424,1.9551413421939883,1585.2718060199077,-5.954808398761023,0.9216993556988606,-18773.295796884173,0.37150220736352135,105.32285307578412,-1.2251065294762558,tipo_X
909.2563697255165,-24.110903880395597,-1.4293984438234124,921.5949407358407,1.8969351866727897,3267.4430646869664,-5.932389059814738,0.9239748488248053,-2891.4713965681735,0.4360217349410821,140.98577259372996,-1.1587354834121715,tipo_X
205.52125905657968,-74.2591935482282,-2.2209503210051125,-13323.07536717912,2.027264732009325,2636.7817313097767,-4.4586133336201135,0.8861368754718406,-14004.872967284778,0.37081961422338816,180.39067509560678,-1.1166878142019874,tipo_X
-259.7299967467097,-35.898257089455726,-1.6244084314920237,30063.11598921554,1.9400203971736008,2337.648669257688,-1.9826716798698498,0.833255685877454,3465.157296995618,0.3548762507660524,-50.43666196725429,-1.3328670779960818,tipo_X
-902.2381906443059,-46.216585056543295,-2.1668975778497237,20879.179228199035,2.0474225160684245,1831.8697076742624,-4.32049115915115,0.850400175067058,-8388.097694967473,0.41894885634627416,10.067141173654546,-1.2804332508727356,tipo_X
1113.945952998993,2.6744880926128634,-0.7118573109330939,11584.93877730181,1.7973497920896255,-114.12069111700907,-5.750607242506495,0.785862561418165,-14992.144458301209,0.43032284336892346,84.81589514107031,-1.1684674142447538,tipo_X
-224.44783131724992,25.634537763340248,-1.4093023173415586,-19950.627493970867,2.0175310663114603,-1800.5624387964563,-0.770965042867509,0.8709222726146343,-8530.168058297513,0.3356240748828443,-55.54557224349358,-1.28658783778253,tipo_Y
-711.0724335743955,-15.4135050359556,-1.9961783484194964,5173.445460342409,2.013993616479101,-640.5097883800973,-5.734015178306676,0.8864829484644074,11897.366705107324,0.40607909243964185,16.551208497821793,-1.2897856799195948,tipo_X
650.4010436832717,-10.284678176754264,-1.1719555561203647,1199.2260469123175,1.8854069978744887,-1054.1065284208607,-3.0882273480947307,0.9389739527251579,-2763.4657141451635,0.3593048524651394,32.24080902256017,-1.2293610799482793,tipo_X
404.7393369782928,-51.97033257297146,-1.9225420103242898,14352.177165352157,2.0279129375502642,5011.156723402199,-3.664131432237858,0.9183303773144992,3369.2525656056077,0.32964119565370803,98.4774097451995,-1.1869239291255766,tipo_X
-499.78302882456376,-26.92661677176261,-1.7956657299721432,15938.379466295655,1.918300850684351,2205.4394650434647,-4.295945943572527,0.9757076381743299,-2517.1335341065483,0.4534523983310487,-12.265515586916223,-1.3354040821178392,tipo_Y
96.11406433278987,23.517033111577497,-0.5381686083009505,23271.43090066503,1.8866446592524484,-6828.366157111193,-2.110874049929886,0.7922509402266115,385.6348069617468,0.3887822063418103,-93.36001523740987,-1.2551976001851375,tipo_X
655.8642891744711,-25.987758939331016,-1.2745350219486178,2970.158877649102,1.8944107799136856,1319.2470353990957,-4.474511977946409,0.9445468687284218,-2515.5263824907956,0.46105085979461824,102.37543707000306,-1.1570515599157645,tipo_X
934.4966917829666,-1.0755200723402272,-1.9915843180706667,-28419.154678907853,2.126680112762413,558.6584907506196,-5.331070662708935,0.8096328344345092,-555.7540884629677,0.34063695070048394,155.77356577047533,-1.1344713502420776,tipo_X
259.27949077222036,37.833534127038405,-0.35422240317163256,28393.289458349995,1.8905021797712451,-6790.08655738931,-4.462309585840509,0.8862931514057475,-4896.219037814236,0.40219372480435395,-49.3552340114245,-1.1940186089711284,tipo_X
-1514.3324853397617,11.213526122615553,-1.8402839786069056,41520.93125034102,2.1047826888825005,-1312.0117443369127,-5.617608572867768,0.89316111904539,569.4043647970159,0.4263438989042817,-106.59741132199385,-1.3522580288944812,tipo_Y
534.9283563793058,22.51090358735822,-1.4260797728785137,25080.379220139857,1.9858874187832398,638.550450057212,-3.9209974362821316,0.8872836892790652,1609.6433366417996,0.3540961660952555,-62.396253308129005,-1.3680339236583856,tipo_Y
240.2671049523981,-13.49800714047448,-1.6827347717141505,-1297.6361501854726,1.9272490349597358,1239.4235043025274,-5.560279315197751,0.8597605233302441,-7766.925821073158,0.38600155689229,65.17701071854378,-1.258308771415488,tipo_X
-651.9914379887989,-37.36322243877695,-1.8636286066747194,24924.604005303016,2.1143128704701057,-3471.794869751608,-2.4893377290563574,0.9453398003332877,-10869.932186532798,0.3912053425594687,-27.960176254089284,-1.2372764848638755,tipo_X
485.74314833336234,0.016236819058269347,-1.4624238188056382,37363.0487161781,1.9979487243247223,-331.3305842705968,-5.1200948103806105,0.895707464156534,-14466.771132036049,0.4515907693357442,-21.292704513434757,-1.3065615828299877,tipo_X
509.09599285670237,8.72920612323169,-0.803423365475656,16657.636296792523,1.8783062068262697,-2014.2451532695131,-5.0465000134333025,0.9308927715007855,-3361.187971079616,0.33137753819512134,34.113064887333294,-1.1794844963811943,tipo_X
-1108.7462668042758,-19.692998377956172,-1.8353232809193707,8374.64236725005,1.9401062995251477,-3105.472014330796,-6.8239646368759015,0.8719279555864787,6455.101197497545,0.41987900647475707,10.437627342830442,-1.2886224307576055,tipo_X
494.04307539013433,11.293644146416417,-1.6925103122475385,-22099.735509480426,2.083098923652346,-5350.323098524943,-6.214013189063381,0.9536337693664345,-10993.94213068236,0.25567696193832845,107.21141352958492,-1.148863437825957,tipo_X
964.5462732644256,25.5373392490159,-1.478066478352264,61899.09438793055,2.0373199022266917,-3712.56636832558,-7.875185527041356,0.8584785873482018,-20191.952037624513,0.3774878595438114,-63.15328103462352,-1.390986514049762,tipo_X
424.99505689201027,19.920736575000074,-0.6386045859156776,12914.777295949898,1.919399995226322,-2700.0856280215635,-2.150104598373602,0.8601834122482505,-17124.761133125907,0.44622484097254417,-24.073125240070414,-1.1872626366697911,tipo_Y
164.14614049579586,3.7842208317764143,-0.9777893751650277,9396.748272677945,1.9415527020633045,-1630.8708409424175,-3.6645455747418403,0.8362474507790594,2259.3226837223942,0.35405632422968814,24.939747223162072,-1.1653840258080577,tipo_X
577.5923437185351,25.7269178705998,-0.7607424194476166,42658.98961860303,1.9374471430214901,-4042.900248972235,-5.272833032147288,0.8933025012433465,12454.65643616353,0.42816490653214817,-44.73137204167053,-1.2540201882194881,tipo_X
295.2539714406664,9.234560927347381,-0.8565774726624308,2248.6292061707795,1.8845531887687281,-2130.201316582329,-5.17956882664933,0.8529769812480331,-1184.3329037047777,0.35099026121809124,62.368407795943114,-1.1418015441217746,tipo_X
-276.2941248539129,29.19505849825866,-1.4920406590991147,-37690.67954777161,1.9704734523653313,-1725.4118726563856,-1.6223767057896703,0.8528115102493949,20595.71283636625,0.4097999194284142,-26.380637083672248,-1.2933603985229973,tipo_Y
2489.2344480634556,-94.57088840321293,-2.060031596370648,1427.0807793169477,1.880031361917866,8156.063685585886,-3.3391692264090946,0.8948606960488036,16706.070739573603,0.3753477307099914,214.72712352290742,-1.2050951660677094,tipo_Y
-1383.315899659796,2.2155594197272723,-1.0630823481608727,35647.618496095514,1.946591308715843,-4648.3051752583215,-2.476358210231547,0.8471126366249551,14626.601085818085,0.40710332293415125,-135.73065719673951,-1.303213194337924,tipo_X
-226.8122653452558,-0.5404131856349697,-1.921939078599087,-4537.491323382705,2.0945757794999347,1953.2057341826207,-4.540490494107628,0.9153684566820269,2380.838711092668,0.38432398940844015,47.90808767817155,-1.2224111055623568,tipo_Y
-1996.1225870181465,27.01681378802322,-1.444125108217868,22907.42797632436,2.0290142841057013,-4784.07076735625,-3.639694143323907,0.965286193073637,18402.228801196747,0.3833621941660778,-159.04598817294124,-1.356345200887479,tipo_X
707.5709515571216,2.5517821325371193,-1.4642364459629589,-10496.733007868657,1.9854572823447814,-2839.8786670123377,-4.868224158283336,0.8321005592734465,4336.764986110059,0.3334421642661046,73.25574429515152,-1.1987888183134057,tipo_X
-324.360683261919,-3.8261094568544376,-1.8159702398695736,50057.87740064333,2.074208989011894,-944.8152644821004,-6.635395424881383,0.9469725487452944,5279.5884097237295,0.4696638217265276,-45.122492309956584,-1.3340766192325064,tipo_Y
690.957282215568,29.71148217044228,-1.6921553358944605,-23350.804645356533,2.025565228697763,52.194881750564264,-3.3289693052959812,0.8795884170747013,6635.590183506752,0.30665530599168866,13.050438473600074,-1.3072014854797656,tipo_Y
2080.925479645357,58.001168297302186,-0.7757836546672705,88708.05763471391,1.92441114594271,-6718.462526424786,-10.150160507001385,0.8850742097192016,-15259.55544890347,0.3508537264352363,-90.92479116081287,-1.4324971203141152,tipo_X
1112.800123530132,-5.724302495524485,-1.8554955236077544,-18801.798779759854,2.13957967931147,-1245.6551109473862,-4.62399543872381,0.916920549551641,3816.8659971617653,0.39389548151675347,139.10171424485736,-1.1223721612305257,tipo_X
641.4295369358587,-13.099414794370476,-1.4975285449973197,5137.1161726710325,1.9512525725534258,1190.2170296556058,-6.980102511382297,0.848507184287973,16567.473906965148,0.3942814517919789,126.27398632425445,-1.1611036654958207,tipo_X
985.0088934216699,23.407890435027667,-1.1177401904291089,48948.02084540653,1.9813616553521387,-3402.112532232312,-7.277860977007824,0.8935076274009982,-14039.71040148204,0.36620276973933735,-16.524807026101527,-1.290543868535355,tipo_X
164.5559017529606,52.4358831814084,-1.1023489416848316,-1338.2965431404627,1.885505045841012,117.91701076888836,-2.471188927364414,0.820783551337206,2118.502893034737,0.42118513503238436,-109.9758852254864,-1.4123353935433371,tipo_Y
2046.6501901027177,35.72506146532063,-0.40982417036559293,-3522.901529758811,1.8462679886382578,-2689.8324082565673,-2.3928339960815888,0.9446035430488905,-8197.077780309195,0.29012124284410007,31.621077947075605,-1.1925437108443935,tipo_Y
433.61880081691595,-36.24027666524288,-1.571104391247017,19310.62761041803,1.9615238121598981,-836.1545399353955,-5.205665024468299,0.9520596427656329,-12031.364632588837,0.3949036287715791,72.98048045154476,-1.200316879516691,tipo_X
1437.5978870645147,-72.14517913844534,-2.1256661037768714,-10668.152972317763,1.8586639867684331,6737.3130774470665,-5.777371008282662,0.7664052882948306,-2127.7889335969876,0.42889050911995846,205.50336751453193,-1.2204638282272975,tipo_Y
1319.6804407530678,15.438677577944532,-1.4327961611508848,-19840.27210698321,2.1531011961743394,-6095.876957410943,-2.9136827385930335,0.967483012438979,2592.4913090829787,0.46500991852489393,85.55865522896008,-1.1109165470171662,tipo_X
-66.38962520841412,-7.04167089227599,-1.748289412964617,-6770.013395537953,1.9735096636126412,-1911.780924041897,-6.16943628745622,0.8808914725120509,10546.584329784706,0.47612370213474475,63.316947134382424,-1.2392051450073378,tipo_X
-404.8292299247591,-25.69870997431861,-1.7878162862015263,18162.268399819986,1.9528896170875374,2321.8516943400923,-3.5166244567177625,0.8346364824935526,-5708.971235341224,0.3839401528581198,-22.502923518376484,-1.3299030091933992,tipo_X
268.4357833763406,-38.35241615269068,-1.8151223361009778,-1391.1698244490635,2.0138569383044245,1876.6158692697586,-5.511118708744546,0.8226718171443004,6166.180165857279,0.3542522279509071,140.399845829441,-1.1301839601417565,tipo_X
690.8700095066665,-6.070205154582867,-1.081421103991933,15505.438105758645,1.8911982432184793,636.5194438663099,-2.880976284909343,0.8313423472278851,-25175.220574671752,0.3841122427485812,6.384225172633663,-1.2483732408163597,tipo_X
788.571291140362,-22.173236320734745,-1.339171903380912,17221.186156108,1.9428538492324008,2871.365680854749,-6.361912549525464,0.7988315585103546,9488.029234934358,0.34443968007968423,129.88315887086364,-1.131457447517771,tipo_X
76.99862443967515,-29.323380396511638,-2.2472177452417443,-35859.375094935654,2.047774884651519,3162.614967396033,-5.227505542735263,0.9234035103436465,15717.924073192467,0.38737475775542574,164.07856540253633,-1.15900770602651,tipo_Y
-294.19681022371475,-3.5695785808510063,-1.6029039782987424,2066.5114768782496,1.9732502883996381,-4280.059401937927,-5.297800352997218,0.8255024551676072,-7061.802948087874,0.3920147083488757,8.667093566046919,-1.2658298395042074,tipo_X
-20.17125674252234,0.7396407348101146,-1.6791733892931,-11390.382959785515,1.8727186975499712,1494.2511215856912,-6.249905412347016,0.7963121066011202,-9109.223008172954,0.4789343774237473,50.977560594420545,-1.304982740657232,tipo_X
945.9371052057535,13.565196714391847,-0.8374186888966578,18423.282489552614,1.862809236386302,-4032.6577061578455,-6.251075407614539,0.8925262998198287,-380.789833201125,0.38719310778351407,38.750999963685786,-1.213763827874858,tipo_X
290.27632098433503,-18.28542740943456,-1.7992753596073752,-2558.2610025981858,2.016636547707501,1269.9891833208667,-3.6598973798480166,1.0058046115678227,-6981.856510504187,0.33483205756931333,53.02739596373955,-1.2378412780135524,tipo_X
561.0472035157696,56.51412122921096,-0.7193782627884877,53681.92547538167,1.9655236608638766,-8507.043676966267,-4.750695868012858,0.8664680191219025,6200.7739908632,0.42965073485566796,-163.88901138392538,-1.3921170019975133,tipo_X
-1.326756606720707,-4.383498863979636,-1.4319868878269337,29548.875318061786,2.031252235687274,-2843.963641813105,-3.204739769735386,0.9502846012625613,20878.011254178542,0.5127809822201359,-51.84010536912047,-1.2840597201567607,tipo_X
294.0892076690433,26.906768531035247,-1.3855212307615434,51474.78589136127,2.0585453551347275,-4091.7086562641507,-7.251071170155929,0.8549596278185432,2813.6475514933522,0.33812924384738996,-56.039450514278016,-1.3219461783668178,tipo_X
1034.1930507516226,-23.982629834903022,-1.5412268685865558,20974.554162013697,1.9622668116109396,2651.251127634968,-6.868156305461,0.8178889933089466,-22439.023389648777,0.37465623293744826,125.27399712206352,-1.1766590445801413,tipo_X
-910.2677114657683,-9.79865941386541,-1.6179820437792936,15524.075813747542,1.9356196680572133,-3788.246852272271,-4.80999068063818,0.9954909872964867,4300.336714257021,0.41010866227619247,-54.095884806244605,-1.3345947230348,tipo_X
1246.1270644955289,23.372564720399318,-0.7047199502760935,10694.278787816736,1.8941500832513571,-1164.9418749205388,-2.865935620884401,0.9664587912369786,8319.390049758787,0.3374577624336622,5.276018417809893,-1.2188104993783442,tipo_Y
-1296.6963440224374,44.78250325400546,-1.1475458739379432,6883.066818982135,1.9601938447723624,-3770.6970045370617,-2.4424465858404982,0.8018535904251646,-8940.428549340242,0.39448369494591234,-153.44575404204096,-1.3648153886186827,tipo_Y
-255.26127207568953,-15.881736257835994,-1.0630166969076515,-36598.45103138075,1.8765295999295175,-3361.3142188529814,-2.4074314288013907,0.8857524090893953,-3103.742348665174,0.4123949381237632,94.3983221850796,-1.0848677377599165,tipo_X
1169.336479814357,41.40745030338892,-0.5869938815549112,-2315.148933631668,1.8416475872181155,2722.899645356133,-0.35783915261468113,0.89297379039317,-2113.283645235736,0.3986203462843821,-48.99731100903465,-1.2905846964212553,tipo_Y
517.2509360135892,26.38664415133169,-1.1204401562654098,39290.325342889846,1.9903058991026057,-5007.028518188143,-5.504442900526074,0.8268370644745944,-4361.9036138369465,0.3889704069919074,-62.37137903496958,-1.3132185569033055,tipo_X
585.4221571095004,40.87485094311897,-0.23858819838700618,24566.394511738614,1.8355389756381548,-4811.897106881887,-4.244654737535258,0.9258251547438529,-5796.00142752312,0.37812299876500405,-38.582361293698796,-1.20429630535273,tipo_X
-386.8201600878871,19.25735120518861,-0.8341397559545232,18583.159558220275,1.9347653178669715,-3555.515180934776,-2.378492632162922,0.874779313849517,1168.4407748252374,0.3872743008649623,-75.69460761622582,-1.2454697246593371,tipo_Y
156.8732476714962,-62.75083401603264,-2.1277254895663322,-4032.8305423284764,2.0643602380489936,5559.092608928671,-4.442622886475681,0.8708619167702939,7665.923201697971,0.3800447067497369,173.95335867947213,-1.0983641942350155,tipo_X
65.58173362981202,9.967734993450943,-1.5513547366100011,-21808.738368622322,1.941459724184836,-1636.5226003191074,-3.235354413467054,0.8899328925057319,2955.3601166465915,0.3655954749819239,6.909828663126351,-1.2895353490003256,tipo_Y
-1610.8126026965394,-38.49421791713667,-2.3559684180973184,18169.09580446688,1.960012869103872,4708.571256008714,-5.50501648567067,0.9889226945771059,-880.6478771170904,0.45441455654907453,-28.50094960948706,-1.3931944472840907,tipo_X
759.6631351137207,5.375260211770194,-0.9336085247804784,29111.49967633612,1.9171999739540573,2580.922981147229,-2.2433390880889528,0.9325810773175597,3814.9649852971197,0.3535820361537424,-27.04439999090205,-1.2597926053854998,tipo_Y
23.227135817980923,5.054512813508591,-0.9800497998893563,14931.531486569467,1.9623130500628612,-861.7836194086864,-3.4494862465895815,0.879078937297493,-14128.387072475212,0.4560117238535159,11.568768592419037,-1.166888317162377,tipo_X
1578.1085744044492,-2.143765632219873,-1.3664866794836172,-9466.59483258994,2.069388190106869,-2279.956925644571,-2.899501350797353,0.8564210634779779,-24129.54627901839,0.4584702555641695,102.33449247920647,-1.1254948464686736,tipo_X
209.1858684862477,4.271890940094385,-1.8696106521374791,-27136.39829950208,2.059228624382382,-363.95764911861613,-3.6896855007724576,1.0148061974307399,1130.3850804018234,0.3375755869703942,63.07388931849853,-1.2244319640080963,tipo_Y
232.22289346562638,57.91005437017485,0.045337733729348795,26627.733695501316,1.8107473561674137,-8850.063200284923,-2.0927260225137303,0.9155444672473043,-19910.313625399962,0.4278799646884188,-144.0319306426268,-1.2750818106188464,tipo_X
-107.34876185591884,3.2637444135732174,-1.588139011300283,880.7349080750519,1.864824144503602,3293.8939555812585,-5.106696743109488,0.855971506752243,7648.610661681214,0.47783237188655064,2.2342889386744273,-1.3477457465393106,tipo_Y
1001.8825260738599,72.55018379131025,-1.0555225068696785,-19463.753143601825,1.9547874146699775,7182.014940519328,-2.123097013539971,0.8927024443628222,1310.013776230584,0.4299853355808902,-18.639745783602855,-1.3094753710886555,tipo_Y
-1291.0831694601054,-60.915792043404764,-2.5200644172932716,32328.109016806895,2.1964263909083845,2571.0439761785983,-1.5519999560459974,0.8783421545600621,584.6274436269,0.4380425538237227,-47.47282817327943,-1.3016483332020012,tipo_X
641.4170675447755,-38.841184616681524,-1.7464057113904985,3082.752149576448,1.9449263426824717,1632.844895098835,-5.803487774984864,0.9284176003747082,15027.953736109232,0.36481789463695247,127.31467477960447,-1.1861065501364354,tipo_X
1141.0839589808627,26.562068906736577,-1.2296445154351692,-27554.446520964222,1.9802278345985762,-6404.133774759781,-6.559138697516289,0.9172909006992216,12796.174315814693,0.41583471179484366,123.51024282349786,-1.133201024980641,tipo_Y
1080.6004381840673,-5.393761979314604,-1.6200166327025105,-12033.021754516876,1.980279498646868,1728.1974906184955,-5.105648953561143,0.855581050691022,-20.901526299128136,0.49112628391565993,116.91761722808367,-1.1936546857861787,tipo_X
367.3770304205003,41.86851328120243,-0.5828818650355417,-7995.464636417015,1.88115487243502,307.3255619670302,-2.2831760456971693,0.8512934255439616,4351.576286490246,0.3468847926342734,-6.901374863286797,-1.190422292285675,tipo_Y
-1080.461433889146,-5.279148170553302,-1.8290329043924747,404.7266691107816,2.0246778499924014,5948.611612608885,-3.6598540976645073,0.8322363588013348,-14210.90748494531,0.4130144783082912,8.963694013718984,-1.2507527229357482,tipo_Y
1664.410007039145,-17.054799696022826,-1.283024433354035,16455.30678391533,1.8360290687785923,-2252.007597149245,-6.106061667534286,0.9365531695405144,-8862.140744329019,0.4265164810792356,71.37396911781036,-1.2810190882622394,tipo_X
975.2526589561361,29.29635575521454,-0.4228597989860817,2158.3193796716823,1.9192947652673327,-4865.765565615507,-2.436591583462641,0.8980877794383479,-19876.935726852535,0.4266590463117079,17.73796455627196,-1.1229103416466233,tipo_Y
1709.7249581159974,-27.660564069929073,-1.711018031275254,-25169.973765695075,1.8959096594638156,1583.535643599339,-2.2991303742287434,0.8697122091557035,18578.174542622975,0.4044413665445232,98.98466421403683,-1.2715700083590935,tipo_Y
630.7302133147556,6.222850155700708,-1.4365246928393587,-11560.069698666683,1.9609994074300199,-2772.014530646291,-5.627308079532578,0.818905811077997,-29.66272201944912,0.42167128539683785,79.348713546373,-1.201903723951935,tipo_X
318.71598882643855,4.89053514222004,-1.6016255419375742,-11849.988386501846,1.997737548900602,-3100.803871693756,-5.812167173518944,0.8846288428599073,4256.969066121729,0.3091764559573088,71.64984921231392,-1.2096991123273455,tipo_X
-261.4612559307964,-39.871907882657005,-2.1760640537760114,6020.017962206558,2.051923384022574,5535.14285718892,-6.318356890425682,0.8678289398319416,-10560.928187641348,0.45511331001889915,124.45391534581029,-1.1835632787660686,tipo_Y
621.7124379375246,-26.232891433105223,-1.9272553946674014,48732.66117440326,2.087946023314735,1639.4436320637874,-6.193404214320491,0.8782984429956704,3640.2360842880917,0.34145014116219735,28.129367425367946,-1.2826908993081367,tipo_X
1311.3702908397147,8.69504732552536,-1.4094970636558417,-29185.892744973058,1.9074134824267936,-1132.2815081468334,-0.6587135426594717,0.9132516983154092,-6923.480325537472,0.3057476086603378,3.1823482778772334,-1.3234962242990316,tipo_Y
1415.7879484649532,50.57881154318477,-1.0262868362800643,-5853.622947141206,1.8843355768230723,6192.245341976158,-2.7652898328051734,0.9156359592202272,-12784.911100274203,0.3365075453757843,-8.295460988356467,-1.3333963679871919,tipo_Y
226.614146743726,41.52097083128511,-0.4848147264688911,15711.739641946891,1.8772099288033275,-5581.925282151365,-4.804914642878727,0.9861574045220325,-15627.11596239763,0.4848966594137157,-31.318052108408004,-1.2061792724564502,tipo_X
-96.00683760409129,18.422831421180522,-0.7786639218707041,17952.55303825991,1.9237943751023594,-463.1832783803899,-1.352301532977501,0.9115954805707448,-2896.1804240241972,0.33180385735776624,-69.30858440547597,-1.243038869194772,tipo_Y
-197.15953020158042,-9.50108415881254,-1.2916515764899135,10920.75285852217,2.014155585572661,-1545.4917363628801,-1.8307340179956206,0.850188438337947,6902.745296091098,0.3448539488482367,-15.362104452494343,-1.20261345461515,tipo_X
-522.8814234178213,-29.24452937260211,-1.6685517118982198,19231.762570936087,1.9136175910891293,-546.9163654627827,-4.990641421857166,0.9724802070734744,-18657.349230445005,0.37470841018703976,-1.6528615802269702,-1.2989646908789902,tipo_X
-737.3040022350053,-33.569926007226094,-2.071897347657554,17300.47033389824,2.064816864405299,-682.4026307335215,-5.0928074455081305,0.9030552283796077,-13003.812037921416,0.464884603451878,18.76654090607275,-1.2591953210975932,tipo_X
578.2816293401203,26.92527369459811,-1.3927102830721811,-25379.206271811327,1.9323436093185096,-4466.477033496705,-6.816192500716668,0.86272884256008,-21292.32702252175,0.46124324311300624,81.92108632933844,-1.2200637651523132,tipo_Y
243.0457736497875,-20.66480314271893,-1.8033148220580197,-11898.931881461933,1.9956153530956302,2687.1533663036344,-2.887392153449318,0.9557857917765724,2448.1107317521332,0.4284508447981718,60.85115369033446,-1.2330092576140408,tipo_Y
408.06123360301854,11.872553409474618,-1.484803868520126,3073.4944263324587,1.9145697819322929,3648.483255021337,-2.9734151797725854,0.7959543459321327,-899.8465191838,0.43178456763626594,-27.96166201728053,-1.3573257251501503,tipo_Y
-62.95751497361784,14.990714151102992,-0.6130476608286618,1277.5412324385588,1.8760905000323536,-3247.074604375705,-3.663998749937753,0.8807439741297951,4644.233014966288,0.3960451304459421,24.14567884251806,-1.1274117031724373,tipo_X
826.4103598844024,18.576550184857574,-1.679062161260611,-37933.40849639083,1.918504394754518,-579.3168990502974,-8.486210016853953,0.8879748795884804,-4525.324030380192,0.32958211430448564,163.74213949351824,-1.1966453860584894,tipo_X
1997.9593599242726,40.346981057408144,-0.8178146558853959,2227.2456048147797,1.875105522529614,846.2328928644772,-3.269310617938077,0.9500069851374752,-4539.730212732731,0.44002377666556347,10.982936913407213,-1.2898155919943024,tipo_Y
1750.727271712854,-29.64964832867598,-1.3992707312883064,-515.0157310890254,1.8028690374220473,2166.506324276217,-1.9334337122630496,0.8826384760430982,-4524.1287636007855,0.37216857126739805,37.93918388321684,-1.3382782225986405,tipo_Y
-112.45739910171199,-26.483348413338376,-1.266767782232853,-10654.483388019617,1.9401986926742818,978.5383115021956,-3.0151070923194108,0.9513305790762319,10030.353819079295,0.42525086698139086,97.42653672077103,-1.0960482962879785,tipo_X
90.26508789260302,37.00569539977969,-1.0476069152521015,49790.88675501269,2.031588822264094,-2867.2559647771163,-3.835877012039613,0.9501916536881759,10493.861307740252,0.3761976250148666,-127.33389360424337,-1.3427701960953475,tipo_X
417.35657684750134,25.026336275693517,-1.4925136129987688,-28589.33877374895,1.9725841595320641,-6597.672400322533,-8.860267110444841,0.8760719579041548,-23741.66858240025,0.35987589167759104,132.22530121046583,-1.1554138327682328,tipo_X
635.4369793050247,-25.754247836034565,-1.6271017998145276,16386.77933655105,1.9758182857801923,1244.1008299042142,-4.881924417220656,0.8516583707339461,3136.744508386736,0.36550430322638217,66.22455146176145,-1.2280458522475344,tipo_X
156.621382613081,-16.108960384475154,-1.9590269912072955,-12608.353308244281,1.95497387516046,2657.1145330450126,-7.387083882037521,0.9415303019977809,7002.347222810888,0.44187309149471643,129.14439605259759,-1.221427473672706,tipo_X
380.28578785002617,2.5447382893559167,-1.6737547829618729,496.46494075321107,1.9792730802928946,2565.259498603467,-3.880611622444038,0.9072643631287356,14285.649298380527,0.34526437284402106,16.695528777332456,-1.299646126427808,tipo_Y
1466.0218903160073,37.80713785513004,-0.836989777946053,43550.69520640178,1.8406798837372698,-4903.560100859991,-7.6097551409162,0.9352702066748156,-10853.455911838972,0.3413965330800696,-42.95876744847473,-1.3728649038001457,tipo_X
-71.43882755715396,-19.989974747113187,-1.719485460835642,4837.43464304099,1.9773340201606822,-1298.9416220573617,-5.784638488511681,0.8374882129446211,-15089.702522469965,0.3616085684082726,60.90280225017455,-1.2256199087307267,tipo_X
408.0585180403319,22.94696816662878,-0.941399071202301,12018.34810366811,1.9579607092182052,-1090.8063220929116,-3.6297647548899503,0.8843988272930162,-8842.629772477934,0.37045477341340977,-3.4370824017567188,-1.2093223192990765,tipo_Y
322.2476958422029,-23.70184199834845,-1.797726934109742,-27334.900036634554,1.9184149297229824,671.1687492512342,-3.835349672349941,0.7910618270557744,-5487.395849352147,0.488337152163723,90.66043606907346,-1.2372003804164384,tipo_Y
521.7867917356086,1.3736984468496765,-1.6977220455784652,-18565.45442538591,2.0150479233176166,-2560.151377265792,-7.244343679108211,0.8575468322044965,-14173.00449384648,0.37083832056470023,136.15936429027832,-1.152697059393135,tipo_X
-480.8624460531024,-13.964987323075201,-0.720930255496303,-25360.26402602274,1.8438558229608712,-3100.6201878351976,-0.06532717525469867,0.9150406395535432,-22651.581769183736,0.4186280917673463,27.156025841408375,-1.1019383179903932,tipo_X
240.54662312791837,-25.617735066083625,-1.603128633405277,17406.852087041774,2.027312589998541,-817.8629409990775,-3.362629095750454,0.9595706897309888,6005.669209539134,0.4179896174118166,25.07892094423366,-1.2209012815099094,tipo_X
-1417.5053276547626,-22.767260916646357,-1.7792883669435455,22063.576501516636,1.9025020080776593,-1928.2777314197488,-4.916309398097293,0.898011832471062,-12359.105533425729,0.36224839928546143,-74.6508029476764,-1.380301330379569,tipo_X
-1044.8234041137357,45.086390781623095,-1.4057209802069657,3274.299347164871,2.01595442415629,1636.3629104494712,-2.6143552594403583,0.9748464867522242,1651.9501979505203,0.38819578353272705,-110.78236293348338,-1.3496302362715837,tipo_Y
-176.44812864589426,27.151079532554753,-0.8437661742929354,28570.073856908366,1.9734978909783616,-4118.2984520074315,-3.764196410174561,0.8486822280903659,-8034.54774210864,0.36708962085282576,-66.80398694325363,-1.2380516567380533,tipo_X
696.0998657119997,2.628133977769167,-0.7745855095620153,11303.487941254778,1.8605509692915598,-1632.7520851250742,-4.499569713995562,0.8835525166672147,3483.670351687464,0.46462722179253363,50.84215970031337,-1.1634505125590784,tipo_X
58.2429759580429,13.69661011314884,-1.0380258590210345,35171.90176458432,1.9898161496985083,-4103.481174185654,-2.8868952310648446,0.929592513628082,-10001.80719935045,0.40916528035629807,-87.49820341581366,-1.288190790259011,tipo_X
875.1632032957727,9.008217598981823,-1.2975845618172444,-16849.039400078756,1.9318759666550158,-4483.074756087757,-7.5305596617647215,0.8784035335875843,-18420.996232058933,0.4162728161562321,136.40634415315608,-1.1400651662228543,tipo_X
2265.373096907462,60.972113760806074,-0.6262769681253548,-20056.559603542202,1.8289207347470466,6894.70764686993,-1.8022206779330041,0.92408335543126,559.1171828271479,0.48598373131512684,34.54108317792236,-1.2719955781381833,tipo_Y
-762.5037809654464,47.04962915073066,-1.6227913186908232,-6481.653416628873,2.0837385204311496,1685.9305720101434,-3.3140505429856755,0.8957964587896005,-11914.18648635328,0.31156339952270473,-64.81522407380642,-1.314455875325904,tipo_Y
1558.0609521448175,4.490393790098133,-1.5945907738119036,-18905.72811631047,2.1489190519873884,-2979.333885037776,-4.184155721940606,0.9330674322834046,-12748.522606195334,0.4173460314945323,142.8792214220702,-1.0855920648312505,tipo_X
68.2600627164471,70.14756019720448,-0.9267971089541593,-16646.906642282574,1.8909571523148647,-1202.6573447902838,-1.860700036404051,0.9444331575257802,7285.3042783982855,0.39758973703079725,-112.12079944556612,-1.3812480883665357,tipo_Y
717.9517993262164,-34.48705643093608,-1.5049149878474823,6285.548465506119,1.9330390875536927,1965.0940072042667,-6.028452789864631,1.0225797284160327,-5987.639308913366,0.5182007445640935,144.30796223527472,-1.134318555250511,tipo_X
1225.8344863427692,-6.005457079155141,-1.2956001590454773,25617.91448640208,1.9152282979977895,685.2636333071255,-6.310225911261018,0.918845459760895,5851.422882823582,0.4667908552452839,65.18137087019454,-1.244793690969077,tipo_X
-33.59114458322587,-20.20977137918498,-1.8085307792964098,5687.36346361373,2.033378356649599,3651.2303455534934,-3.451589132717175,0.8953883848591504,-5865.665923140822,0.4387790926787392,42.40050010628651,-1.2317099911550398,tipo_Y
456.9451781917533,15.352166571176383,-1.3074788762409255,18085.08843797576,1.9716399521977104,2452.4901103690263,-1.2292288928931931,0.8546117439596667,5327.265576516228,0.47228687773825917,-79.4696435725912,-1.353749303112084,tipo_Y
691.6092491101152,15.272798872988972,-1.3827105321987916,57751.23283794625,2.0372948020019384,-1842.9177868322367,-7.590130016295557,0.8586526705548686,-16302.312091051876,0.4609547039873086,-21.941816422605633,-1.3042352072433834,tipo_X
-643.4158155451191,43.80836420721563,-1.0909130543780445,6242.637899596483,1.9439242871634574,-2128.1594291221663,-2.132568496598691,0.9197113860420605,-11813.967685346259,0.47794538562509553,-129.74893853772934,-1.3606609317376432,tipo_Y
1365.2093549814285,5.362147271599735,-1.7486244111248692,-26440.707972729895,2.1061694407784937,-465.16970820285246,-4.7444188524964455,0.884924995500047,-8422.380256938783,0.5152402558441456,148.7908408822264,-1.1268209405825567,tipo_X
-165.5152325552978,-47.63579639827927,-1.556194711122083,37703.86161672832,1.8736999335293867,6866.9635277737025,-3.5528459589245123,0.9330544045487659,8350.124486566536,0.36408027208732147,7.66293721349818,-1.293034672182582,tipo_Y
-1829.4002394538506,34.73457880731087,-1.2741208631802108,12883.199892424322,1.9624935870064213,1864.5439653121439,-2.4876059388913263,0.9575583790303219,-2601.8115178160006,0.37134711219734257,-140.1649428901208,-1.3492461102881208,tipo_Y
672.2469940118269,-25.109357609336854,-1.562393759131483,12242.639079238004,2.1342772645296897,-4268.906204555243,-3.252480887977657,0.8630868438503758,1893.636835753794,0.44142630763307,71.63420624883426,-1.1139340563373472,tipo_X
1273.443265197774,-27.01796981391496,-1.6556252768668323,-6995.411450879095,1.898667949355457,5117.029471799898,-1.8239816158521243,0.9339910810746389,-12265.72268039239,0.43429542334985977,57.39116275008951,-1.29680946307511,tipo_Y
-1616.080721706905,36.831426691477255,-1.603724427670686,-4962.500394256038,2.0238258641683524,698.2336921957103,-4.536307490356852,0.8807295847093422,-13350.250696523619,0.44578984970208846,-65.40692415818596,-1.3047573277246443,tipo_Y
479.41965622681994,0.05788715235809683,-1.8410791946360003,-23199.095489788626,2.01156450564737,-536.5543773581732,-6.591099052849636,0.8740356617185742,128.04760610481935,0.31894736120074896,126.5088134409909,-1.1891231049624504,tipo_X
535.6154310945502,-5.065217711066973,-1.7519786730236337,-9461.009561329089,2.0473933017000037,-765.5493592039417,-4.762137620501509,0.881972189692268,10722.992976416279,0.37742304466160137,81.67747874650095,-1.1997606946200414,tipo_X
710.6540647405237,-40.00164378310713,-1.8641675822240418,14497.29055484126,1.997357688793679,2428.164253652836,-6.648857586207198,0.8793187664344307,6603.003920763304,0.29323636745932835,135.22872971722447,-1.1798488928586857,tipo_X
1102.7150694751465,-60.12298514510461,-1.7047440631294566,-5752.547509974587,1.846484603346289,5769.95837380197,-1.7841449477222016,0.9469881448381859,1286.3949096138963,0.35084509484212717,97.90837526432249,-1.2536968222016371,tipo_Y
946.5819648234972,-23.266246206243267,-1.7549744918888899,-11292.560955597637,1.9232258194640715,2722.7424147044335,-3.6034249334142,0.894184757191181,-11243.313193585358,0.3431186932100391,79.43213563462572,-1.2701113788135339,tipo_Y
928.1143825740281,-3.40679682543224,-1.4490266265622906,-8932.32736571651,1.9469368283295632,-809.5598884406153,-5.144304263163427,0.8747464381652625,-6356.8021257943265,0.34955214199020546,94.10037093154942,-1.199401761987369,tipo_X
514.6033000838156,-16.097741652445514,-1.4475803979248563,5185.309649072546,1.9215966274939007,-2351.2971376844284,-5.286070601465456,0.9110268770048084,133.4944139504396,0.46299617128381443,59.439093825286584,-1.2290005640340358,tipo_X
167.4176390415541,42.526490443773504,-1.1493594848483388,7028.915878323496,1.950140663237506,-1759.4392951145355,-2.928965700838187,0.9636209348271734,-1703.277817124378,0.43448292772517066,-89.7882828096818,-1.3570412034310233,tipo_Y
1223.8049218386623,-32.01149330557814,-2.0319545582002165,-27530.91618097214,1.9382087680426785,2938.5672875844584,-4.883260780280515,0.9468574790128536,-17990.271250280894,0.40130460137563034,152.49165692755884,-1.2349424574684906,tipo_Y
101.42883687306787,2.423388635346784,-1.4771097425827742,2498.036644230243,1.93627408784386,2138.993699117125,-2.5346974397309605,0.8831392790583137,-2147.7084064958244,0.4163029239897691,-24.980820249448904,-1.317408121047149,tipo_Y
306.6810800081421,-4.09090183100953,-1.7590797249738979,-12848.952774510679,2.018792553684115,-3230.2356989339414,-7.608992780370144,0.9292595114652372,2970.869696990272,0.37203495607216286,126.99452826466695,-1.1623049935380876,tipo_X
1110.8010787924884,1.235514187264993,-1.6204285638537663,-14399.89420563433,2.0646943002404274,-974.4554809310438,-3.4455554846712766,0.8992919899751353,-833.969474689406,0.3825101158489206,84.02099284496504,-1.1844492752743376,tipo_X
1598.873882161886,42.505537305196846,-1.0509335984032244,-37324.692624232375,2.0358349378628047,-10983.024771381513,-7.789394792747128,0.9536457090650436,9604.510908711462,0.34519137731901217,172.70351809633019,-1.0405238508430217,tipo_X
2568.4976992395477,-125.4929554192895,-2.30176113080466,1450.3259150215724,1.8822558805069753,8421.627858355338,-4.882110155102601,0.9496353533730526,1494.023270844239,0.4181706314691075,295.733609227615,-1.1395426398621842,tipo_Y
824.7929903983267,15.072192942130748,-1.5454228065942748,-33766.543045269675,1.9708489653572736,-740.2481037293918,-1.1136538386706336,0.8939830552257663,-4639.147494395402,0.3512837740321959,10.22309705788718,-1.2936922289914112,tipo_Y
1022.0147676831253,-19.236760437008044,-1.82992090960468,-1693.374927548768,2.1290924795669985,1993.8918416948795,-2.0375120323339218,0.8666983694908933,-4149.227583380694,0.4269370718162898,76.01926572363026,-1.1799899077193374,tipo_X
-105.56310249467765,-8.350335931692259,-2.0291949247463257,-14817.739712685907,2.037837511684359,3613.757204947502,-5.298914440686332,0.8185052386117316,-1316.1646571459644,0.47155549946473035,87.92177808602959,-1.2270584011846484,tipo_Y
524.1817428243014,33.129378009503654,-1.060460379128727,11018.098088008868,1.994539386012321,-2811.649565374013,-4.434038307558133,0.9441866767187312,8438.6025489174,0.42823739252960014,-10.15993907062514,-1.2347940724000421,tipo_Y
408.78848632557197,-22.356657067292048,-2.241509110439398,-7656.183288288172,2.107823628306335,5905.9001031288935,-2.765213442171561,0.8776990835185942,97.01041474399449,0.41518581269047317,65.19869184498083,-1.261098199508835,tipo_X
-614.3354581483146,-13.98302113261864,-1.3815119867159877,7028.404769467554,2.036738236512825,-4716.816132105127,-1.8965984760141694,0.8868857574622362,5567.352725265855,0.3591503305000818,-26.56099338762897,-1.1969248347226062,tipo_Y
365.0720419221162,-1.9023530624712368,-1.099613978845833,4960.583534397556,1.9293364238805149,-1938.9119875236124,-5.235930889964642,0.9072194969354443,6166.061747755062,0.449766895319211,71.9948153697577,-1.1482597669780534,tipo_X
38.098043769296495,35.813524143924994,-1.2335860712151223,8803.886950983077,1.9425191500875874,2330.334507228637,-1.3228817402539121,0.8850258633798697,-13556.918508466924,0.4772889693779093,-112.21023086788753,-1.3911873688027432,tipo_Y
1847.9285708008379,-67.39955983894507,-2.274218424562311,-12700.907280404954,2.0412703532559426,4107.225801232008,-4.781361228199512,0.9631665057494126,11197.182796727791,0.2458552380289413,223.57408820721082,-1.1436737967856225,tipo_Y
1131.756623179038,-4.494992654711291,-1.7071326896509267,-8765.209112719895,2.1162065529929555,603.7118688793773,-2.147287452675263,0.9159019455157225,-2895.3676460208435,0.3448079996445151,69.13013488400267,-1.1851482214262006,tipo_X
443.48759849938216,-2.1927477184686754,-1.6683843812216188,-12604.348460945215,1.9664872808776033,-799.9188130131732,-6.566927117416401,0.8971262009318705,5217.491690764067,0.45968902800049155,104.8467539573885,-1.2043899078511822,tipo_X
675.2093756095687,-40.451276194542736,-1.652096356840551,13304.029996614006,1.9584813042912421,2007.2914497553516,-4.740954415149817,0.9189766462629445,-5757.223711599326,0.35521394292019287,98.10467621289254,-1.1938257638925038,tipo_X
944.5525264749066,21.437130436725297,-1.0751950823817806,35437.222158736215,1.9291532988029152,-3725.8666171973555,-8.06532153371294,0.8103669725891619,1263.044215210682,0.36468432676828394,23.45229747169016,-1.2595291924942238,tipo_X
625.8027869451009,35.170760791696615,-0.6054505614059028,35773.660557398005,1.8867817642341775,-5659.898251193588,-5.8734936987676045,0.9576832472052029,-23420.578325706898,0.44604503410853763,-42.066142829860524,-1.2568598093256027,tipo_X
822.5302579366672,-7.989977313891549,-1.796376657658659,40896.55712060698,2.023280984840094,-1360.2135886902806,-7.985082266829785,0.9125289843138826,-8991.37113708974,0.44914915645898446,31.44829670687586,-1.313344591381226,tipo_X
1054.6956319691803,40.360172211656,-1.6234824194844917,13598.309773667705,2.0073794838059262,5495.270975537464,-4.399269986484722,0.8727394351189122,-7835.401036043288,0.32457051932934045,-32.35242118164202,-1.3982486472238669,tipo_X
1271.701904703031,-35.80673141562389,-1.8511797074002474,26012.19160893545,1.9812639144929536,3880.786901751803,-7.0225238940445855,0.854558490022751,-486.5219207586091,0.4375305217782284,125.4710559038707,-1.229150281804622,tipo_X
243.3064885856912,1.6306726733474566,-1.5898670975503921,-4163.653297429547,1.9980044118101923,-2831.4872209687965,-4.979153598037525,0.9568841516093888,3254.071733166622,0.4333101096930582,39.41202678863593,-1.2384831914843806,tipo_X
1980.2595359257646,-40.48620907972805,-1.7762647754424485,3912.7254113214285,1.9010436436042806,4426.349159021761,-3.7425600191476027,0.8847267350086679,-17970.858887387607,0.3298831007555023,108.27120227472295,-1.2860259059650239,tipo_X
-422.5456939458709,29.11542589181743,-0.3160780089561579,2487.2245984451606,1.885566292930993,-7914.193774110039,-2.2507815181900304,0.860506403507542,6386.55241919214,0.45692123115320593,-43.14133513150993,-1.1317045555920913,tipo_X
761.1562626920381,-1.180888842575575,-1.3841614959413082,28765.06113809817,1.990078811524912,-299.13806815735427,-6.797119606629185,0.9970072807803219,-7850.63848975147,0.3795188011873053,59.35451144439757,-1.215211548253893,tipo_X
891.9528068843975,-14.472943946914116,-1.2897356008594714,22205.69779839433,1.9001747877988153,-170.71407323920994,-5.468738900338623,0.9191649314898855,15735.943145297397,0.44432389161940555,51.63016058913618,-1.2425452813083089,tipo_X
669.7898895184549,-5.3439371645115585,-1.3039933790923632,26123.90135899608,1.9657930458879649,-1050.5372494055723,-6.572813966245249,0.7916558771106317,4945.511455911887,0.45163421423520994,62.639511185039936,-1.1996748415717642,tipo_X
-1572.5577572500733,-21.23891291930321,-1.8457649412235977,62254.72561107676,2.1820492080216742,1321.4391168978846,-4.640605799190893,0.9121230500675056,-7162.674597892808,0.39623299608253204,-69.34834692241792,-1.2429305068357743,tipo_Y
428.6222664058224,71.85183743565298,-0.771694143179078,-18372.281293342596,1.8066265821565646,-3662.625287018166,-1.9500766738331932,0.8911015208215483,-14128.769879346168,0.37140853970906285,-128.7147937583696,-1.429918737320612,tipo_Y
-700.7827802203394,-22.656365157947285,-1.0245170795683234,-8396.758900739655,1.9485209569951132,-1960.5565487230942,-1.4611965429859293,0.8557558497473517,-10715.087627614177,0.4027536126529573,43.52788196946542,-1.0794121293322367,tipo_X
535.1039813279226,13.895166836028361,-1.6123907091209242,-27126.85799076769,1.9300510783837974,-1880.261672133106,-8.03350927142904,0.9113372930546795,17887.770286783394,0.40724167922534704,132.18361577423696,-1.1987760923979232,tipo_X
228.7283532313982,-0.36526260614013495,-1.8184005480664969,-17829.41891011904,2.0011275479414783,-1530.1598318528822,-7.123781728103409,0.8717785743272765,17810.860210672596,0.3370781883928349,113.33241321468536,-1.197712493067104,tipo_X
-240.90573546236675,-33.70612813678595,-1.7342508812898807,20285.77606374375,1.9876844503943405,422.9106928303502,-3.9577470226822373,0.992953711932556,816.35027697742,0.43656677631875096,13.613891811232813,-1.2589709032724237,tipo_X
-1182.0098734999979,50.72378441838583,-1.227127180385678,443.70696096514394,1.970669712760027,-346.0821125469565,-2.0690733361023903,0.9554617542347225,-12974.827925582022,0.321621447989542,-141.2654516927266,-1.3698183183933224,tipo_Y
1012.4473574918378,-9.15310049848331,-1.365990868992522,32148.473261764495,1.9626521131541117,215.31889876990806,-7.813623932228383,0.9216570457389804,12489.135771249286,0.3550420314812219,95.01085451943764,-1.1933295579294025,tipo_X
-1719.9177988098374,26.190643204442452,-1.9788147484987477,30489.41877346322,2.1125981337911397,1931.3680767512974,-4.651343335531281,0.9155288865852312,15547.472370472375,0.38963690030859754,-135.18589968976798,-1.4088831702814109,tipo_Y
613.8099741523737,-5.786513118394959,-1.6574111975813512,-4211.921695511966,2.0668458890711756,-1574.8206960258058,-2.8593215998634296,0.8985071991301288,-3935.44528099051,0.3803092967858005,38.19735399780124,-1.2181919597233213,tipo_X
-205.98831557270563,-25.820752245114967,-1.1750508813222778,-20301.15536160833,1.9103517775175893,-362.91899903615183,-3.058118356161847,0.956003808195592,-12239.0423231425,0.417208952241839,110.30421349219398,-1.0725922045051428,tipo_X
1380.843680736137,-48.370666612234416,-1.5452880509358076,3381.650159210678,1.8765374213921617,3361.5033267908125,-1.2004644737989683,0.8417299303502136,-12213.323666839142,0.4279331524435458,58.62221171870936,-1.2716057732834811,tipo_Y
828.1555508753937,34.50265693839902,-0.5762561600152093,842.4884291207395,1.8623002909989907,-1381.8677316745761,-1.5692893356149633,0.9233748101250084,-11903.012755923106,0.38206367995315044,-35.93752411910071,-1.2441947477216178,tipo_Y
427.07871127024833,-21.041365489124615,-1.0842885236141262,-3759.079052825945,1.8871820759603481,-660.6665967453115,-5.062924146280887,0.9337825233944904,-4406.5976430107185,0.3654325226379465,125.8170921877995,-1.090063129177936,tipo_X
1723.8218863922841,-37.05043895251427,-1.7906590384298957,-23059.468008415395,1.8658239796479876,2981.291140411354,-3.256119111750352,0.798600904662169,2658.022847709263,0.2884200243814989,125.52702294017045,-1.2702296794937737,tipo_Y
672.9702875633857,-37.92960327860925,-2.102979009318454,36587.45009974228,2.0860832477426596,4118.554333082283,-5.421443610394631,0.9148035042700617,16062.681629278542,0.41478867826162436,58.854751611822024,-1.2705559934572956,tipo_X
-103.4436049807656,-11.544586346294397,-1.36412182733315,8320.072759396171,1.8582744068305181,-3042.691702970553,-6.28864527354939,0.8746825742698336,4902.884972493369,0.36055336218195555,31.788112409387868,-1.261890711165964,tipo_X
756.8348974116534,18.238123104182304,-0.9339713653024782,20153.320861538632,1.9051814782756438,-1238.6288462077418,-3.2523263487641967,0.8778600244926938,296.55788434192755,0.40004321196064385,-34.762924232433015,-1.2839398392942882,tipo_Y
1480.949031872875,-5.014407746240691,-1.3957425150278953,51264.53426848187,1.9208885958071438,-1658.7804366715845,-6.13162818967956,0.8408556149319462,-8793.377443712336,0.40998240336916664,-23.690182079447048,-1.3803012403390538,tipo_X
92.7498076215208,7.462495452545483,-1.0999058238974924,28849.205465061437,1.9103610079229238,160.9675802079421,-3.5526230175818427,0.8625198476369077,6851.83902694301,0.37609863406122246,-53.10977406059327,-1.30356332752207,tipo_Y
-49.25827522980124,-20.634509638671943,-2.1691679819756273,-16589.668326388466,2.0595176010372844,4716.945646618645,-5.4399341707392495,0.9020409020922538,-4574.907890535176,0.3932993156224013,122.17565564373194,-1.1955942431045024,tipo_Y
132.1809141448196,10.565613183228727,-1.0504981969358296,22964.68071481817,1.9783883200463654,-3005.4941213600696,-5.740687612952057,0.8631173361407138,-3367.4998903028645,0.37285723490578054,24.868535997285754,-1.1736986003393792,tipo_X
614.5927281656732,37.61234164885237,-0.738966951365058,64121.906928736964,1.9766790014612325,-6835.851503337101,-5.2617051209941135,0.8915911483477418,9459.940798163201,0.43596470284998023,-122.87331964660044,-1.3344126551452462,tipo_X
667.8580711420713,25.827176064542122,-0.5285392648610209,25194.663162085017,1.8773705324894059,-5419.8972684163045,-6.167213130203745,0.8772514828334228,-8216.623264283588,0.443075378168147,20.55820152340406,-1.1662621222278484,tipo_Y
-178.5102486570397,-20.25846742398069,-2.166270193849907,-6962.691361173262,2.0182872722052734,3415.764844474642,-5.448003408224528,0.8971599270770781,4252.260166990351,0.39812623409292625,70.12794039092185,-1.274702340156981,tipo_X
654.5092354280376,-9.628215739631488,-1.3324603456162887,5562.206268047374,2.0070911667406417,-4951.571802013065,-5.326350782892446,0.9253746556955563,-3082.16272143079,0.42265313064264465,80.97771809948345,-1.1442343014478369,tipo_X
1088.578202345909,44.868099743702416,-0.8534709542868234,-1758.4861050749505,1.9419494833039006,3280.5639628401686,-1.622147544102873,0.9619197763860569,-9343.806800204058,0.49556780153681423,-17.85832405517293,-1.2563993836124918,tipo_Y
493.8772045688307,-47.55233045003631,-1.836952513224377,-3588.578107992731,1.9678516132734813,3151.6498836190467,-5.487339924892351,0.949503857013099,-7406.773982794626,0.3642781041113435,158.28046625543394,-1.1403615771892401,tipo_X
943.0562301763385,-31.38097638746288,-1.7970912295238586,22316.05969300021,1.9126750621959876,7449.34684435212,-4.930608632167997,0.85898168417051,-5826.855396943537,0.41112200126681214,64.98755803252143,-1.3114466767177895,tipo_Y
-932.1364986974711,-22.86487048498931,-1.7104382602971304,16440.619211615285,1.915227836091518,-1441.7201647725497,-6.092572995324281,0.9459998556556998,-4068.0603955420006,0.3231677881918539,-1.309065338353581,-1.2969656964493133,tipo_X
794.1997524650785,-1.8753550697939403,-1.5802021563858748,-16124.012822285473,1.9252128226436802,2276.6953440157686,-2.052853751430646,0.9132852395184815,-11339.608424709293,0.34707023462880593,21.465198946971608,-1.3072073909520316,tipo_Y
862.2203258943744,-11.128223451807225,-1.7502687742132075,-23070.907555713813,1.9240591694415483,762.217052080414,-3.8644129640460867,0.9542677091315156,-12337.127147437845,0.3475259275639234,76.2675051655802,-1.2752777529409316,tipo_Y
981.5988401376534,25.41590689523119,-0.9480683636737013,13711.094645960735,1.897480023562368,1715.2057872863238,-2.933145782730761,0.9385298648744388,-3773.8971731058155,0.4227179830540097,-22.96361369295809,-1.291764266058425,tipo_Y
1515.0891322138032,-36.06060393303918,-1.6224089097574268,12941.707643560549,1.887891372096933,5142.068760214507,-2.7533392713053835,1.0396894142314874,-10291.71070329605,0.42231334650937286,56.4946884805874,-1.3080272529293597,tipo_Y
860.0819102944714,31.732503195767215,-0.9285595469168348,55771.54251675225,1.938919859765676,-6072.917342610988,-4.61532184640077,1.030047586433661,-2500.222448062953,0.3407875414045154,-132.17311942643158,-1.403847577905942,tipo_X
186.93500712668856,20.549308411351976,-1.2479958140332585,1483.457458647835,1.9568548210057712,-861.9852904906485,-0.8956698108261332,0.9452154145016632,-6761.927996122342,0.3386745980784886,-83.03606402519867,-1.3394404502338317,tipo_Y
322.7506524343253,-10.372487914553192,-2.2111962051332297,-15387.53511195767,2.108663568051003,3238.508058017528,-4.133540688936262,0.9173810684322942,-173.90041975256258,0.35130731688278527,78.93128151940802,-1.2457094741505035,tipo_X
89.81764579780338,2.7575767110838134,-0.9136032450871885,29367.468856336352,1.9662687206759528,-1973.7139412398037,-2.8911561304560127,0.8175595808322326,5042.674879623375,0.3660352547195093,-29.35806905374261,-1.2013075484090674,tipo_Y
600.237483140439,21.088147010797087,-0.8846606741084599,16437.875905366338,1.924366277251909,1433.6407974710442,-1.7226984203455,0.8711438308795949,-662.2010333276351,0.4504232935200624,-44.627200793081286,-1.2673843910735805,tipo_Y
-2905.912218033066,5.8050401042847755,-1.5468263619473772,43792.72399085236,2.069662534778732,-7255.93672169867,-2.701415231002794,0.9420562721634855,-15685.711454680351,0.37903851852283005,-225.2782657713088,-1.3774166089724647,tipo_Y
107.52761562201542,-10.416749634111214,-0.7723150576263775,-25184.385445370313,1.82585436557468,-2150.5032260451876,-2.860051750277788,0.8667109653793498,-6736.711331019352,0.3666475090683857,97.71674232790073,-1.0766689559065936,tipo_X
-1250.6247779539058,-3.2286760258082747,-1.7150674767829948,-8908.650206158427,2.020706164983227,1960.6098620440816,-3.1871514590009675,0.8438270313905517,4898.383981497416,0.36235020164353704,-0.27281957411844804,-1.2289019296220423,tipo_Y
908.7782722485942,37.41790570649225,-0.7329964141353995,968.2624801522925,1.9035834754238674,-1726.6146607103155,-1.9771460433621386,0.9348331750966804,-4472.385808503421,0.39328121659978704,-35.1344158950294,-1.2582528282580028,tipo_Y
-661.6464403791646,-34.83640311413903,-1.737941293543861,20625.190221414487,1.9481709587709053,-1579.0957471063539,-5.683730256565173,0.8537805993863237,8572.938618169725,0.4193019918044855,19.601337304936514,-1.2606216322055988,tipo_X
1235.6349866045518,8.508416999978872,-1.5712793701034735,58576.117232951314,2.044362712864085,-1451.0636766171497,-8.88607035460116,0.9036167610012016,10624.261901244723,0.4121897470311914,19.96006001357501,-1.309655050139271,tipo_X
701.6577666067036,-36.905918564984006,-2.012747790547727,16354.959524423235,2.0169788518390193,3943.9296930229634,-5.675423974843133,0.952000184804627,6537.017485312915,0.4059396384030707,97.76467442677321,-1.2424244052209492,tipo_X
362.6969995473748,8.61530857937467,-1.0158974624415287,26798.405513455393,1.9250807282387246,24.52731924975916,-2.855170630213213,0.8383564263316564,2733.1581037239757,0.33839292950451805,-45.72093953159164,-1.279387984240562,tipo_Y
-15.907367816774869,29.558304961042914,-1.463178501995509,-5072.376142350124,1.993000466334698,1220.6514605382972,-2.2649618467732133,0.846422900733587,-2180.388846299471,0.37203054711424566,-56.17335828893835,-1.3344478314774821,tipo_Y
-375.60848988450266,-23.51973192934141,-1.80284822991713,12641.190921585214,2.050203150504473,-2087.36531630711,-3.6132479278462872,0.8774651781187772,-2985.227100618964,0.4103382302870289,-0.4962169059521928,-1.2526234535376102,tipo_X
1754.9893508289288,-28.67160226487883,-2.0508567153446364,-35234.40873858495,1.9024470022707405,4298.735685277807,-4.816033352694631,0.850575810107403,-8877.37978155534,0.4209510963650296,169.0229440586541,-1.2618110234944022,tipo_Y
521.9529993799653,-12.855192861782806,-1.7118276740286458,5537.352162919915,2.1845454822513397,-3813.731956530144,-1.0628322549866889,0.884547099200282,-5093.91700557505,0.3257439651102011,6.952485140090014,-1.186338004349303,tipo_X
465.68569122347793,-28.194245837198473,-1.3576749752897779,-7910.226663882289,1.898167186758035,1240.2871887020256,-3.66753533189483,0.9455158240692496,-8928.541901547926,0.45782980659929623,100.04762739799959,-1.158637105266005,tipo_X
892.4025845302806,-13.242566569440251,-1.8223909334643382,-5225.155921597328,2.141091262458271,298.04382730329735,-2.465526784895083,0.9349005440226571,-580.5090043054975,0.39615345248559364,74.67965113353496,-1.1724779075968659,tipo_X
-36.89965942605183,46.23093801522099,-0.09542685734898626,6425.481935859579,1.820997324876125,-11145.194878112872,-2.572378661687872,0.9749918674246815,8520.299009410077,0.45796439927991184,-89.80215697889264,-1.207487833100984,tipo_X
-522.0554325430525,11.183543329382537,-1.6023365872204836,10939.38255225394,1.9792190033053068,2940.3849575476684,-4.319984959610614,0.7928659937016961,6138.558099200194,0.42045802492819073,-30.226299018954393,-1.315837382562127,tipo_Y
-107.33047956726008,20.667936737927427,-0.5721609588433038,-3008.9246935656383,1.8361099653766453,-5677.782698872212,-1.357609247917357,0.8889915523168204,-6850.346684768363,0.4072266764372707,-62.23211099574121,-1.2336513928592294,tipo_X
290.5309192011323,-29.997714140939856,-1.5475495913603792,-4201.842372445919,1.9657438156111802,2006.3817642124432,-4.465228289025036,0.7780768268334417,-3527.837551213363,0.34621762686970303,118.10074460205715,-1.133734576658522,tipo_X
1106.9784216179155,60.87946468754935,-0.5767163879231259,76617.79459168285,1.9460445773963588,-9171.264514183827,-6.840702466759572,0.9531584932106243,11929.959329598125,0.4494740179478224,-158.23185914620177,-1.4068052091475085,tipo_X
1446.1530456706296,46.1984683389862,-0.8761150293757518,-3019.3519850443745,1.9121324035599274,-559.9586205765332,-3.3345539656421637,0.8528171520503596,-6794.256671271696,0.40066667600235917,-2.534309318521398,-1.2771029781587702,tipo_Y
-106.92292610871007,23.55716412897553,-1.503211715449391,25500.6338939624,1.9908801524864932,1148.1882021877384,-4.328224766032281,0.7920895204930771,-13905.070584564564,0.4718305620977409,-76.79278235414174,-1.3740230900722823,tipo_Y
460.71795342954243,-12.804198997176739,-1.8313998137984,-6566.659243219996,2.0935409279593973,-1346.890602695887,-4.47136884998119,0.9168470446261122,-10761.87610637218,0.3876454067774766,86.6680657084111,-1.174204067172936,tipo_X
563.5945624324629,9.16242283482613,-1.4574895403113903,-17641.147064197306,1.9920575388429935,-4509.702937710538,-5.386512501074524,0.9463951206346698,-7937.437570177407,0.4424239865098201,79.55223491296213,-1.1847548168452973,tipo_X
137.03964270177318,8.048869982773523,-0.6041096754025536,-357.45057084114296,1.8608895481270622,-3486.422138164262,-4.67959204021878,0.8767921567845884,-5160.844366921061,0.3879816830907932,67.9558617408992,-1.0880119905761352,tipo_X
-506.25745450889076,0.5809120830519703,-1.9004502518763984,-11092.34774143878,2.0671011322265262,1459.5438576403635,-4.589741170869824,0.899477713243525,-17591.37371565974,0.42002705753944664,44.7277028671927,-1.224490893791092,tipo_Y
1352.8852700737978,-4.661585609290059,-1.3959990225447891,14717.510963667877,1.8319799905363865,2683.2722616726487,-3.732622054964649,0.8551381666857356,-2393.6877818452363,0.4021547125512137,-4.741846285684643,-1.387087895548614,tipo_Y
-566.8490430865942,-29.038757598977064,-2.186645609042051,7174.690665238551,2.0661351481959973,3108.3462568137343,-3.2278961412706497,0.8504053086472491,-13773.967812989327,0.42974594118340875,1.4271831758734344,-1.3056650145088968,tipo_X
1721.9273834027124,35.664408616774125,-0.9948152405979873,-28048.109728516312,2.092859528835661,-11885.738014304628,-6.273104302890568,0.9227749414979267,-14668.306856717178,0.466793438605081,152.73500829866845,-1.0177075154786532,tipo_X
-1007.2064864361411,-20.68753555333287,-1.6956055971189052,19212.782199121713,1.8893113499408076,-632.8646546692149,-5.050097444940623,0.8780748578675043,-14818.03207631326,0.4510478166776631,-44.8094872560927,-1.3554303610402096,tipo_Y
651.3118897936363,-13.927238860666593,-1.74569170109158,1029.2347576883449,1.9287564966468573,4859.330800564158,-4.112249870385911,0.9140697824148899,-6489.759738834073,0.4694876936519627,49.3953771262707,-1.3029895317790525,tipo_Y
562.6589025496565,13.59770554117961,-0.9905455125261078,-6268.706306847147,1.8471898871695573,-6962.827252263146,-7.459065890596621,0.9822086571847116,-5254.3968319338765,0.35933903397627587,78.85140707240124,-1.1850262633135908,tipo_X
937.9425517182877,-52.46969802051427,-1.9299600681821265,222.70391979519582,1.9194810601220635,5533.640230335807,-4.291994146517616,0.8268634218866531,-1499.7293434179842,0.3945531412790258,125.00620221991055,-1.2361942008161944,tipo_Y
1396.9711955799153,17.099015615851457,-1.0601437513294871,-15894.820931407801,1.9576541305703692,-6692.399171272718,-6.750567142542245,0.8332213423729359,-17968.92134022349,0.4817563675135875,136.2377992665774,-1.1035792737998789,tipo_X
493.6594194765947,-16.729509205541547,-1.581135385292506,-3955.7821793147596,1.8578392946784903,2677.2376699097003,-6.866020838907081,0.9002560358966404,-2363.6008918934394,0.4004527215220093,112.50886342066738,-1.2335075423137305,tipo_X
-1313.9682537269155,48.68495032404789,-0.9862230305309394,30922.470359390758,1.9490360280995658,2805.4176982078284,-0.46293415179758224,0.8661869380838908,198.37925943107552,0.43024037544606075,-217.91602658036422,-1.4221413026913428,tipo_Y
990.1581483558408,-5.350571540153144,-1.5320618635001269,49448.725141829644,2.032607087870975,-496.32328401359507,-3.9585908339738944,0.8679425750966628,8094.926674491049,0.36640952884647815,-52.09130797536504,-1.352223701183143,tipo_Y
1914.83496228163,7.7119634527125065,-1.2372838341193915,-15403.842379044443,2.092316730072425,-4309.745722790921,-2.7415098858068765,0.9112127423734447,2363.3820383635866,0.43091061295009975,113.34499675925562,-1.093058913822786,tipo_X
380.9834192024439,-4.28688975747391,-1.4769225807412887,-1469.2397156844345,1.9629213938579748,-2265.3316452896934,-4.277652109782923,0.9040037850596826,8101.116281180206,0.3977430285969504,34.784378861193225,-1.2402915717313796,tipo_X
5.597906945731044,-37.02844143227334,-1.7396716079460859,-12.75712371481768,2.015144857580651,1978.5288867844629,-4.017242641043684,0.8646709423234803,26192.12821491502,0.38128136867863877,99.642831826209,-1.1480728238339886,tipo_X
1287.122122774972,-12.185564086933885,-1.6840536342580614,-6771.6478557130085,2.095217701618701,654.8994040745885,-3.1097073131147193,0.9889967364889864,-17224.89827896691,0.3722148821896686,104.08845534215698,-1.1550520209495652,tipo_X
437.00599849466204,8.972929927990416,-1.7383307380186337,52975.6146063388,2.1236444589871306,-2813.4976069937265,-6.458381960746291,0.951941532538346,5531.446250040403,0.4017330462751106,-46.98979255758209,-1.3343661880512205,tipo_X
-373.03068900630973,77.6289512829914,-1.0364460564162068,-22632.271655762957,1.8989491013387592,-1247.8206942607712,-2.675833460897695,0.8868297812726194,7980.400025968778,0.42522535330055583,-114.79908340698165,-1.390988220546169,tipo_Y
372.3381645682268,-25.130536143745672,-1.3908979881350434,376.79702765569937,1.9282533076096826,301.34647750785126,-5.9903562927720735,0.8099783209145299,-7338.288039717257,0.40270566226438875,130.77996504913054,-1.121226673979469,tipo_X
1522.5726230725472,16.253915717855886,-1.8287604587270683,-34769.95427937407,2.117659907139567,432.6934523832199,-4.600859406210899,0.8829877521589112,-6433.862944929177,0.41329567896057423,146.96931539839574,-1.1517686723811993,tipo_X
-4.369578936532495,-7.707814572174906,-1.7792998342159605,-2154.545897719081,2.1312093433463297,-4817.714759400232,-4.074867460615578,0.8608992079091341,-5651.528616232469,0.4081730282409264,42.204408496329464,-1.177879124843963,tipo_X
1092.5140929180538,-29.68380211030876,-1.7672146144177083,32161.515855971946,2.0009194021147496,1534.2186260573176,-7.538404445789464,0.9050736391972088,-10495.132329388684,0.41355315296246575,108.68309237040407,-1.2210694120506111,tipo_X
1403.1052938267555,14.24377069333351,-1.2592326828280305,28146.65837308138,1.9874579158618153,5347.955972496328,-2.8774184984788613,0.8414687828756927,14029.169086845393,0.33604692267046,-6.091907402521743,-1.2982897015921364,tipo_Y
383.5798921741598,32.866548358471995,-0.4865689061619749,33921.45439288306,1.9127545190248436,-3941.394228924485,-4.276651092803627,0.9110105935459352,-5573.7201676815075,0.48559316741695746,-44.09061671361475,-1.205656885218224,tipo_X
937.7711189662854,37.51097524245816,-0.8188578997976472,3688.7685727581184,1.934920416866867,-1049.592958527221,-2.902911915998895,0.9809119591047688,-8690.19254725306,0.35016724133521343,-12.110943444598657,-1.236878124744937,tipo_Y
1013.6069377918194,26.770804732424324,-0.3705004866264603,4809.305772805963,1.8374227265995418,-5602.667913911122,-1.2857709552710919,0.9149858270485995,-7185.636483191309,0.3705788764015439,-41.74350434204509,-1.222031686839763,tipo_Y
1195.163538705245,-20.105127172147206,-1.873633390393303,-13005.320649398138,2.12394239066007,968.5880123761882,-4.771757404849842,0.9235248724269592,7210.299637958906,0.3739364822591013,166.60667888035331,-1.097546456895725,tipo_X
554.5278946265377,-34.63858047380179,-1.5107297948599658,216.44824715495042,1.8626647596180075,2173.0057312915706,-2.174123189081377,0.964851728824005,5959.25732794527,0.41182444005740493,31.164994615513354,-1.2840168785259025,tipo_Y
788.1934737422549,22.380153726623092,-1.3479497074852154,-9665.50386119502,1.8980937490323757,424.4352455546917,-2.0051202279134466,0.8812998598594071,-3559.423909259047,0.35090035053854673,-42.27663673686693,-1.3709898341142484,tipo_Y
844.0489521305744,-19.64655545707126,-1.6723093047387738,530.5336041780611,2.1403521928674945,-2709.602692097052,-3.256927514770989,0.9178739719624848,-6336.999519633935,0.411892097854254,92.4923681255529,-1.1173891551467026,tipo_X
1451.5424268691795,13.975442440475705,-1.5228058309512553,-26765.588660201538,2.074845404226959,-2500.1748694748126,-4.274221950003697,0.8441525390366267,-326.9080261953703,0.3708883541408563,124.26943448041202,-1.1356809110442943,tipo_X
1433.4378321795064,32.53054091448404,-0.8226241846765568,6811.310874454888,1.9306381000090247,-545.5407432723663,-3.4476198825276594,0.7879691196261326,-3523.759522139547,0.4554275494648494,18.61237714351808,-1.2231217865617687,tipo_Y
-54.70392054565936,14.376087389492355,-1.199943270852601,28068.15229792053,1.9725094697520236,1211.1030451858978,-3.2496419336908398,0.9478163032764415,-6617.374460022002,0.31212192679175405,-59.13483062839555,-1.295779280565439,tipo_Y
280.1975601836944,-37.68693037632652,-2.0971942733404383,-4802.311549362291,1.9914913424884548,6461.771344440132,-5.224077910708127,0.8314257656194453,2630.819435561063,0.42335475513711296,125.29395734063208,-1.2177739823223404,tipo_Y
930.424557095076,-6.026639776426867,-1.7121854163352959,-2138.507444921477,1.9915010292499895,3682.64804522813,-2.722371664998545,0.8524832999461344,592.2709909488738,0.40672451454255787,34.09383424171313,-1.2915033953667712,tipo_Y
1711.6406988329104,10.786537953195648,-1.8130206695292654,-35670.98791823748,2.1646103816817654,-1076.5047600196772,-4.37756183959113,0.9204782549067296,-13700.436857215669,0.43102671097091466,171.61381813966256,-1.095332520898574,tipo_X
1454.9006326294714,8.385156261734771,-1.6093262131215431,-25237.868927374642,2.114548166816732,-1670.4771026558665,-3.6431986032484396,1.0278064945174812,-7079.46659490977,0.41782339547943265,126.70029937558972,-1.1225547911611284,tipo_X
866.0599820731283,1.4495358007052577,-1.3923370600471239,-8303.876475286574,1.9357438392920516,-729.7947856331674,-5.084741965945904,0.9134764303025953,12009.114839163352,0.31261768869174755,81.85625165212913,-1.2102699908126922,tipo_X
406.73692852669177,27.310883234810653,-0.9376115798617635,17339.462176279878,1.968189490878975,-7335.433548191156,-2.9323766701337717,0.8829244044424899,-14914.117488458938,0.3806177983365772,-77.39617270172481,-1.2867290670440203,tipo_Y
-275.2945602941424,37.3931731708948,-1.3488250503105907,13638.035773808648,1.9920401297565438,1653.173126851349,-2.979681434284784,0.9721473337002895,9374.782947659201,0.4353268965995463,-93.0051820676902,-1.3595162226155797,tipo_Y
839.9773796597946,22.03749886666568,-1.5312893999078607,-27137.219158491414,2.047682473964142,-5132.858654157372,-6.172634908280161,0.9342483438963115,-13600.723814265699,0.4156780014118042,111.88450799515464,-1.1528256712829137,tipo_X
1419.5418015523346,21.767930851281662,-0.901609791860833,37381.575947711885,1.8551098705801683,-3208.612768385106,-7.486612833064614,0.832209772937302,-17325.721166396383,0.4285383466238623,11.059531755244095,-1.2987231176016687,tipo_X
-189.17791028662526,8.597192798988962,-0.8263766323608602,25803.171260159295,1.97408341493566,-7019.526756316077,-2.7274259043372133,0.9116033258728462,-10986.961712017353,0.3329132261203135,-61.445898111726876,-1.2054153871498439,tipo_Y
1109.741286213394,-33.846670631388406,-1.6803987263886122,-57.252226548523595,1.8932202390999384,2489.785745606971,-3.6315580026656815,0.9455709005925679,7849.393154544274,0.4568794010312059,74.91635408841807,-1.277809390994155,tipo_Y
602.2805248119739,-34.66521869646045,-1.6076542130415616,391.3261260154359,1.9306005577516898,-253.33879748855895,-7.0266108456360605,0.8392414864534582,5134.60774839825,0.43591760993122297,154.8086243139858,-1.1386487128627147,tipo_X
1295.5213580317284,4.57591253605385,-1.2011939390364401,33306.53396785662,1.997405047683538,1878.3892181755127,-3.243922445565362,0.9269759885955549,-13614.312795439944,0.32756510322306487,-1.8523087846310418,-1.2640419146530684,tipo_Y
416.8593438070022,-2.9244204771654214,-1.09765347014432,8239.336478340108,1.9090733653587229,-2924.0124373209,-3.016122511343963,0.9696264000916247,-11623.50585357102,0.49330992384376793,-2.4937822512992387,-1.2393420909703148,tipo_X
970.3313649383326,13.156092181632681,-1.470885608505804,-24183.67155845283,1.9629136493303534,-3150.934661657608,-6.76217724419109,0.824534049329276,15839.903818623874,0.3579287631172914,128.16970534079041,-1.1703717571997618,tipo_X
243.9329937699541,-16.61719526121218,-1.3674882730500706,18958.040939599166,2.0295799430928736,-5086.407491824086,-3.0431153790864256,0.8325898355358113,-4297.820888460748,0.3700831158225418,-2.592719159036717,-1.2094617654819713,tipo_X
113.73508981594861,-30.842904722071253,-1.7914853957078127,-10991.922622847895,1.9759048795125926,899.8268831355306,-2.382718898276668,0.8881770644603826,-6112.486765794202,0.3426839039889685,47.28401903759733,-1.2405378553069333,tipo_X
788.1853301697278,0.9629931698000096,-2.005247700517547,-23136.391318568592,2.1213940564964924,904.7326215057111,-3.647501983573396,0.9197960901725428,-13135.279960322601,0.4107013796199254,89.94503544414908,-1.2084107132453337,tipo_X
999.5813879306871,1.1081941861086726,-1.640074384999199,-17629.663428102467,2.0778981415396816,-3175.929218146228,-6.023753014756746,0.9911097809805118,-3949.017986076416,0.5111231466978015,144.1056830651691,-1.1127121844812726,tipo_Y
-407.2295277532218,-24.513454329484105,-1.4096141859144617,-2176.8605606899973,1.9952435257050176,858.8271707351184,-2.5494350167289523,0.936962377006814,9357.754283135615,0.33652911214209213,55.60697997498571,-1.1330746860664045,tipo_X
841.3042853858559,18.955191584939577,-0.9876594662493038,18026.843983701445,1.9595827247102375,-3592.480970457954,-3.8421340430171016,0.8121335279331969,-8611.541095161072,0.3804718354230307,-13.296262741126558,-1.2434135521733263,tipo_Y
105.08472424930426,25.547143388837952,-1.9423995819387425,29826.83115628107,2.068031560782084,5108.459543816734,-5.2318660541714515,0.8816536449484661,-6962.320205548429,0.3546371416833426,-62.832928334334355,-1.4192303195033997,tipo_Y
419.0226936489542,23.161403446477998,-0.16793958253737795,6013.45195423298,1.871993166915118,-9948.924170137245,-1.0818468110198345,0.9182209047346549,452.91373771322947,0.3928904205771972,-46.00768844444694,-1.1378078967785497,tipo_X
1495.3627448789139,-86.39275381333456,-2.0007796955610675,-11091.974306061715,1.8345049312069646,4045.554871786117,-4.827263596540478,0.8536694004995844,-6012.404358925141,0.38813081787693654,204.35562345819915,-1.195424125010765,tipo_Y
-1129.7136052441776,36.86026974554141,-1.034193076726773,5657.891340615843,1.9157680791688438,21.09783209440559,-0.1346868038169884,0.871598383508196,2241.1111646528366,0.42820097007760316,-167.70836739892306,-1.3784013754375763,tipo_Y
1567.9392533854066,9.385284129413396,-1.307745025564007,-14657.07366443353,2.096110685394491,-5203.752669997419,-4.055956994190934,0.8964534011100125,7729.112178196376,0.3930549547407341,119.34585063928752,-1.089127983696644,tipo_Y
-20.087173870641564,-12.160647828824887,-1.66504187594668,26513.350015021395,2.1082429549754895,-640.1839577583963,-5.173874018719249,0.9077199681756395,-21256.541029406166,0.4052748480183057,37.08149501774051,-1.1846087733101838,tipo_X
248.5606570936187,-10.222119161336712,-1.4381295440033337,1689.4460808370563,1.9377957814285252,-3607.2740075725524,-6.129516572944252,0.8426741175465842,11501.963156330246,0.4359115308060483,69.70020653701727,-1.2015093183501442,tipo_X
-267.27332054694057,-11.109717166847796,-1.665001851043462,7657.973117144611,1.9302315278759252,-162.05617438912327,-4.4789673523632105,0.8618862606746536,-30471.718446589075,0.4392338002423839,-8.566042821379165,-1.31820472028809,tipo_X
118.3725608234821,-16.713679903292515,-1.7606620815270566,383.21364347410554,2.0591994347007714,-2482.695935867146,-4.505002568300606,0.9374723326018835,905.2753118627575,0.45283815006238737,57.62968351571565,-1.196861051615863,tipo_X
314.5189968051683,-15.674547009119879,-1.423845833304107,18705.41337816728,1.994117947214182,417.6130111238646,-5.116973412326443,0.9478220594380868,-18002.727505971765,0.4349085128425758,62.91917795557226,-1.178562201867488,tipo_X
-5.223134043242364,-22.300470389407366,-1.6345983695062707,-1774.7505333576883,1.9954864278649047,-1523.3681004682285,-3.7693591908225894,0.9125574995787511,10977.767922654766,0.42825055778754784,49.5140365613329,-1.2043361780338728,tipo_X
266.3667202890621,-1.1309009494318953,-1.619774617341376,-6108.371710345007,2.0281223905735746,-3587.591142441748,-5.51619742385914,0.9804990398954125,-1599.6436722399526,0.4943975409627199,68.06178817976676,-1.1939193713482734,tipo_X
820.7197793130385,23.76115992938346,-1.5515057693933674,-30880.25331839414,2.00867696346406,-4646.902791127918,-7.698262654901037,0.863753284081974,-11011.300455928018,0.4221988526891704,140.85591554775488,-1.1494773512718939,tipo_X
170.3253793418162,-27.36850220757686,-1.652675847009365,25442.271963008297,2.0292112220887346,-1391.1231877907899,-4.57854863589598,0.9659184883483086,3104.374654154535,0.4071904145045503,28.68074464090651,-1.226917222978066,tipo_X
265.41163331403465,-14.253771583703314,-1.765229992176552,3272.1113406512363,2.0699843767404924,-662.5949361854194,-3.2002781757343888,0.8740598431886708,567.4133628466766,0.3578985465910822,30.63545206888531,-1.2291168123182017,tipo_X
461.0938094708383,-7.734279799324726,-1.2882443264171883,13705.371333932942,1.9524619987388203,533.7706569494783,-6.015776332563789,0.9067271006224513,-2158.689334692188,0.392565648417614,85.86726137183703,-1.1623844248028057,tipo_X
883.8806531054513,-32.04025141586824,-1.5154284822220137,5339.114574108542,1.913826541227338,3225.933016352057,-4.138436733625445,0.9090852955726595,-20378.64717220331,0.4472739016077333,96.85702681087295,-1.2050944601082616,tipo_X
516.3760421106288,-32.448405001357045,-1.52642276404597,22999.76005888263,2.094643105764307,-2980.667525490961,-2.4539913817106536,0.9438008838960411,-23024.726726622066,0.36731215491916147,32.70524218734455,-1.162572988848364,tipo_X
-257.0035447018275,-29.6098984287529,-1.4049276576026217,-20593.790376653607,1.9527306232962809,-766.1877516932199,-3.04506803576258,1.0347463491363469,67.50772233501266,0.38833977323859115,103.70879184374955,-1.096411690327653,tipo_X
-998.3141274012656,35.68444186666693,-1.581251351529192,-21860.530443937972,1.9974498035211727,599.5092966134957,-3.2374876475085195,0.8362346621037278,-4887.5328708638035,0.4411435528654269,-44.909552377692,-1.305688495469102,tipo_Y
340.82058316804785,-35.30674419098295,-1.0992815874276067,-35282.8998758084,1.8051734369068866,214.04972288405554,-3.5866440138593023,0.908261719357253,-498.58534585336383,0.43843390622740097,168.03548353631157,-1.0600463600415646,tipo_X
-445.2920543012747,-32.908771960385906,-1.475033011365164,-23633.547361951303,1.9644669012267035,269.1417911353605,-1.4002673146122353,0.8000961304400083,9518.464550359315,0.2774749598255336,74.29287350625064,-1.1219923273033492,tipo_X
1489.9639954222878,-19.140805917483227,-1.3530697713726496,51891.546334938255,1.9846736469641204,4243.494719564172,-3.785887384672421,0.8677467963298834,-8948.168662339256,0.43853756867066584,12.25694522229793,-1.2809745288615648,tipo_Y
80.37412540151846,-18.861054339182104,-1.7699222210470038,9150.431133740178,2.0765290458697603,-1323.964618922771,-3.1384987511753426,0.8558238983950593,6488.149165515898,0.40199643415165515,17.280725948399986,-1.231554476088947,tipo_X
1811.904427081852,6.150669511966695,-1.5564183261709288,-25591.152315233947,2.1403031944687463,-3075.476385702283,-3.869397885649332,0.8683605283485372,-16186.313372997316,0.352792110428589,155.63110230223197,-1.0766404933516873,tipo_X
-294.35909138248866,-15.426735542268142,-1.5304118664677036,-4000.5071676096086,2.0287553073703073,-2078.3959098066593,-5.611697293132438,0.9128120843346835,7348.364880407058,0.37090410216264225,101.53650149597064,-1.1047100279445514,tipo_X
-1122.406978638349,-42.877277751164144,-2.0207762373262534,29964.179332010575,2.0300851712616246,972.9641732985971,-2.676628979613744,0.9457473222952976,8037.015693640287,0.35636083000098523,-61.68963896998332,-1.3349545922551285,tipo_X
-136.90410789111456,-45.543548682501296,-2.0197416385579556,-6946.726728628788,2.0510214190995777,1224.8983497512095,-3.5344867528329846,0.8573891371393889,-16632.577711188067,0.5093676057785522,94.95918423650637,-1.1716459963214902,tipo_X
-908.2439895681471,38.028488820169024,-1.0865304524400163,11778.440765164349,1.891622644176017,-4102.126645111965,-2.632798012808496,0.8558992479971543,-4168.829106295378,0.4250026123143575,-157.53016538626343,-1.4066423343488679,tipo_Y
568.3870105409911,-49.67601048648533,-1.7647295356141515,4095.28111374288,1.964531354926776,4041.1902933904234,-5.13462051543446,0.963314905767381,3379.962957919959,0.3508863810819997,149.43051105524188,-1.1412161080851295,tipo_X
1093.986476335392,69.47179838077612,-0.719502376454356,-20511.022849391786,1.8386389227307867,3030.746286700855,-2.1523381407671685,0.9467411056918976,-9590.020784984878,0.4240670515822301,-35.90100019307937,-1.3246956526366056,tipo_Y
-1465.0129932855432,62.82701744920796,-1.3522803520884468,-39147.19618507154,2.001761749259034,-4029.2358843074053,-1.9197939046116494,0.8643453967521051,12751.94066943508,0.4094559481415529,-104.17394047331514,-1.3186083052401638,tipo_Y
-17.762186587293385,-24.551643813138213,-1.8150789365360538,11427.602483543502,2.071498659051316,-765.2740288211022,-3.204231686088022,0.9595400265510984,897.6557657992603,0.3983529678513657,18.82343985472425,-1.2338727465200385,tipo_X
1413.5940736688522,35.30615623393007,-0.5597619818061206,-2924.2993590933547,1.8658540815347708,296.90115747204226,-2.378786337379939,0.781510744852157,2042.4845915874798,0.4055158374681933,21.401892133712085,-1.1996918238311347,tipo_Y
-456.171761638761,-19.703389481093737,-2.1827492171096834,-9371.918954228096,1.931915752198544,4810.690262494424,-7.0367066596063825,0.9711408058846434,12595.981739544317,0.36744895745935696,80.4103115276298,-1.3080159994964977,tipo_X
-536.64464068579,-33.031560495365426,-2.0343448216827524,15019.020869307516,2.0770333204672315,-365.0445036762228,-4.211408752324581,0.8240529168599579,579.1979692418279,0.35217848724089545,17.69065479537418,-1.2516616695359255,tipo_X
891.5487831692836,1.7835680949798185,-1.13474940767455,35040.90328531704,1.982203661780627,87.0222328660949,-3.4226948083843807,0.9186800103950663,-15617.473395576004,0.3987169552905297,-15.100562662570685,-1.2557536085755088,tipo_Y
316.8678207102356,28.37707196757855,-1.7911667251100991,-25176.247463836116,2.0502055901426175,556.1739533868982,-3.7719507775575174,0.8316629482170697,-9541.76297712507,0.46554039494965743,22.479261573009996,-1.2873698533919486,tipo_X
-1763.384681695407,43.91010377948192,-1.0910120155899428,-13855.899887023501,1.9270104220706625,-2441.5808596882403,-0.6519545751395315,0.8370948557713201,172.7471024486963,0.33973940113356377,-154.86903362456445,-1.343225677006252,tipo_Y
-761.0004983493698,-15.422172868601121,-1.58421218733938,11932.835762719506,1.839997268157923,-1876.5079790902882,-7.154534032946485,0.9333876299004791,1450.7765254386868,0.41266449970190167,8.603341526505721,-1.3168445374227629,tipo_X
-133.4450582961059,-18.94560148857402,-1.8518100860952584,8548.463189615959,2.1097685179331864,-2947.630856572187,-3.3892991411609206,0.8721819987419206,8928.419095406238,0.36251836604038745,12.854809838555916,-1.2253059525639929,tipo_X
113.15422598147512,39.82263707592532,-1.4297653695972103,-12557.476428869102,1.9853410281040278,-631.1678793711661,-2.5899167033049033,0.7947222570520812,-2487.840079387699,0.37214658282695723,-58.02016182985899,-1.345610664278101,tipo_Y
1796.0362133970689,-64.04124895227027,-1.7587177079718403,11628.822899621644,1.8720061398722085,6655.798007773996,-2.7060392034826926,0.849303672883926,-5674.512930732893,0.4363776950603931,112.97619162563991,-1.2661141229795447,tipo_Y
1194.7027659390894,-29.580937623000246,-1.6350448456377993,67.06264460691727,1.9081575475483727,3727.4434821941823,-2.3805606396872436,0.8372361671325578,-19974.08369781127,0.47174323558867615,54.88653561712154,-1.2879311819749848,tipo_Y
340.91131465555253,-9.80062245315124,-1.4293208070107226,4855.5219974455085,1.9983520525808958,-4588.051462289771,-4.475257854587873,0.9446972647913244,-5533.1721898686,0.4255209293091374,40.28238305825158,-1.1996458091916566,tipo_X
-122.37431651336888,33.51778911231558,-0.8063142758582483,7019.052024894053,1.9285957940918002,-5761.502910887209,-2.0828431951859248,0.9119339938330546,1516.7721225910673,0.4303788263330845,-90.23751066275335,-1.2769837763244287,tipo_Y
650.9358435513772,47.80429095195097,-0.443063251278625,-8671.217937172773,1.8756229821289747,-3244.066801721204,-0.2779330353422633,0.9272804203801971,-2068.554982829509,0.3914767715566051,-67.88930643279761,-1.2436501630745478,tipo_Y
585.0816195525754,-24.76286960751961,-0.21466477337039658,39793.076916902144,1.8532209394772385,-4107.510347930801,-0.22770483894030047,0.8876888252476062,9622.764821146327,0.2890842760385569,-22.370000991778593,-1.1071967192277539,tipo_Y
1051.5127915606697,-16.586016017878187,-1.9685995370261142,52884.56983857612,2.0808094028604542,2305.7622481505878,-6.541146071417295,0.8682401103535651,-10927.620159490663,0.43004373048946276,13.147059689298988,-1.340345725029482,tipo_X
202.88550128720507,29.860180005920768,-0.9467427490485691,12833.149143918094,1.910038009237891,753.326664774384,-2.684814854225568,0.9171715640936566,-2378.1863656500127,0.4945594702191804,-58.034990199553235,-1.295946676721728,tipo_Y
1620.3325168828826,5.759712316105727,-1.3602193147158668,-23260.054536031734,1.9667647477445214,-1947.9430468487826,-7.307426877674735,0.863440422141999,8304.985865086599,0.41994581963555544,195.1567994999385,-1.091837663706617,tipo_X
1300.0134472936534,65.38855815590877,-0.7153229943282633,-18256.84600451844,1.87751228014949,-1431.2626439918586,-2.173338468234853,0.9126115329696695,-19023.933442260684,0.37399446315229545,-38.08316515178496,-1.307272360901916,tipo_Y
485.5713606357432,-16.496859720707647,-1.7885597982771,14736.856269283182,2.023194428141947,180.5354451064943,-6.469529872567017,0.900457724637674,-9120.70026615425,0.4493047405293591,78.94873006273588,-1.2248094867186725,tipo_X
-376.4234288515404,-21.91820730896471,-1.5433326565793835,4977.496940660355,2.0481324657499944,-216.10753468869575,-3.9035412792670896,0.9270644817531177,2192.1085455876737,0.4610227742709792,64.87945066675951,-1.1287545322236678,tipo_X
1194.393282545061,-40.31108449034895,-1.931305815038171,-27107.44072852209,1.924734863322767,2350.4917369895547,-3.66226296723822,0.8475514502072204,169.41939127399587,0.4170262451390708,141.16440458495063,-1.2231495040133311,tipo_Y
177.05983820402574,29.33782114461232,-1.6555007782484872,-30619.119531555363,2.019035921063796,-824.8223955740403,-2.8952774165360067,1.0013457704311024,14515.60821433658,0.4229222706556228,4.219158632556038,-1.2886612307919294,tipo_Y
-78.8870644963458,-23.691805638004034,-1.68448076955047,2995.7466413030247,1.827178603486468,2921.1323273404732,-7.454961553806846,0.9768063931601993,-41.35701723718921,0.33178395525225324,86.60452046389165,-1.2756443641045883,tipo_X
1307.3289134134875,-18.34136191080153,-1.589506447514872,25319.9130076017,1.9531125833507983,628.054956552382,-7.124344029437966,0.8099670782561783,7648.632156038078,0.3994478892606609,94.05698287867034,-1.2435474007304734,tipo_X
-394.5538317749958,17.705700356023243,-1.0725025435533557,18154.741328131113,2.028416249604558,4401.7479217408145,-1.301215554613206,0.8525896388149261,1676.3845244514046,0.4440500199633385,-42.76729743284906,-1.2038153897427009,tipo_Y
668.6512327069806,2.053848698694244,-1.125858413694046,28479.57581271128,1.951289338059559,-848.9472998166437,-4.88339885759998,0.9241135004184999,5920.370135994507,0.4244347458659417,15.189739564458481,-1.2292240767362848,tipo_X
67.76285228935998,16.202256407449713,-0.8198986060531566,20329.314698820883,1.9487583224481162,-3930.266920475892,-4.72025164473175,0.8341612054085706,11028.820860874936,0.3929536693593466,2.702615752660236,-1.1677821038959955,tipo_X
1414.1837064306385,27.22529307439541,-1.0976380382031268,-11739.173311135091,1.8746538920506643,-1386.923816630555,0.32214981910606166,0.8803098711670982,-9162.386018886209,0.3593983863716038,-79.43391645741127,-1.3974835154028917,tipo_Y
-108.18035442169432,36.04489557694294,-1.3410226723262715,10691.340172396523,2.0054127814041136,3540.5090935944,-3.6052070321566774,0.8716024914561653,-4910.405604989044,0.42320052446401885,-44.76159286557994,-1.3030492056514595,tipo_Y
1145.172409718124,37.58074791453918,-0.5908304591725763,1570.7445573292193,1.8572995719313465,-4795.930562282515,-1.6139341807421301,0.9408168960595384,-14675.277383428669,0.3315921370794952,-59.356671255678165,-1.2899663600095752,tipo_Y
1266.529720348365,34.76082579747752,-0.16345059437303178,-5287.721288440762,1.889083125400607,-5007.715727454621,-0.5585764758880014,0.9150979719548282,-50.559830944038595,0.41694988822477325,3.8739543820001217,-1.1126301319672653,tipo_Y
518.8120674675399,81.68498730522751,-0.8586326377239049,-28685.05455960227,1.8699340893126486,2405.279692717309,-2.1896952857294636,0.974180936951704,-7520.280785377547,0.31395856380353365,-64.4854937891487,-1.352524924317879,tipo_Y
-364.78039243362275,-28.336423494702963,-2.003397060303255,8020.131238272649,2.07967671588227,-1459.6777522047482,-5.666285797741083,0.8750666434934801,-7957.615029177062,0.3450379065991359,64.701578406783,-1.2025043968172997,tipo_X
999.8443320128778,-26.67664484121456,-1.840193618432259,-31436.96793702968,1.9188597634286453,2900.557832276288,-2.7469795844375042,0.8777391314065646,1060.8153145662682,0.33103354209342123,106.4269656042456,-1.2487115583022104,tipo_Y
-677.1308486915772,38.794244567361915,-1.1080473246250442,20361.462267788516,1.8966981454664131,4005.813591300394,-1.2610755291314613,0.9048772731065551,-24006.425947801312,0.3259517998478497,-160.86218843545868,-1.4261511379868463,tipo_Y
491.31314173719596,-32.30981183138054,-2.110843385771021,6821.170086174084,2.2206927894824124,2788.7285967389917,0.12199247981550077,0.9029306458797872,-6069.886708539652,0.3783634811270828,20.64722882476482,-1.2127286575214935,tipo_X
763.7567398947605,-2.8630078213073595,-1.7353484611316388,-15156.053124016868,2.0177712629020257,171.62077157154772,-5.287185998381201,1.0112427158322463,18864.082165702457,0.3866239615327592,106.71204702216991,-1.195512359490707,tipo_X
45.93850467278721,-3.253006669600154,-1.4201066515857634,6132.273605550857,1.9307109045608621,2318.0364690571523,-1.709272838015969,0.9243669890313031,-4504.568776540806,0.32927491027248845,-38.35242755382637,-1.3162019609370925,tipo_Y
522.157313345312,12.130908392440318,-0.6856916161599284,-7319.153750576417,1.8209900069354452,-3672.3647590857427,-4.313874051967023,0.7924574466547313,-2439.56672623476,0.4392444564876629,50.9493010142839,-1.161052360761992,tipo_X
-768.2390134472125,-57.24841520370063,-2.1530634121062224,-15561.471823428245,2.00380880801948,4521.525175286146,-4.930018345813721,0.9255324908992495,9144.031716778729,0.41793832894113253,145.8397758683103,-1.1338839562999572,tipo_Y
458.19454651487945,-24.872885606993194,-1.9683065737693717,15678.707493108473,2.047315895859094,2481.3916588735433,-6.294261436074089,0.8655279646175592,-1175.7166179851388,0.4134128563380469,91.04959235146245,-1.2260900905089482,tipo_X
537.4639458081903,-2.6488867336529527,-1.1845763831301623,15685.775673381104,1.9318428683489934,-3842.165822136866,-5.650428697716346,0.9299899217044869,12088.68241965423,0.3600008649591283,40.654405002380464,-1.209076586007647,tipo_X
-23.884758310556634,-34.27791737914873,-1.9530924951829576,24291.357015720452,2.1896062124599034,290.3732331872061,0.488881376643695,0.8930168432976363,11235.974340415069,0.3754980715222313,-50.250222888390226,-1.26041589012896,tipo_X
923.508988954428,12.817525813646458,-0.9539692869154245,25477.634376452235,1.964141453058892,-2664.448154986638,-2.7632409194192986,0.8554477844273835,14910.814035403846,0.3454974036824258,-32.395933961993045,-1.2538754154375504,tipo_Y
1027.678824931516,0.4115926016462357,-0.7303179402559368,15916.462590528901,1.8305905799593387,-1496.4932501931326,-4.582280030737454,0.8818242870144832,1928.452905309528,0.4517898413608633,49.34931244979989,-1.1859962839418525,tipo_X
3415.187766577264,-97.29556749537191,-2.2632794104577045,-6224.605770151942,1.8734506338292198,7849.947530988296,-5.2361937151202795,0.908884918273517,9098.581525901056,0.47277125450197066,283.2334078706676,-1.2077914418271254,tipo_Y
1253.2228915975393,19.684408414093163,-0.5990944120484906,13919.140746860085,1.8920723259090193,-4706.461294508605,-2.5636692861763852,0.868725640476403,10644.121032724617,0.4616092075726078,-11.759099919062493,-1.2133409538265185,tipo_Y
-1010.4926724571305,-41.35388212527477,-2.443439281555784,10741.222655982274,2.1043817810271253,1942.7637708786337,-5.323074494241203,0.873465957474058,9752.961117566674,0.39013234499134947,36.90697004046212,-1.2726523492484787,tipo_X
538.6602435300906,5.916951238305503,-1.316686189880126,32259.26382334992,1.9595175243917273,665.8354686841276,-4.347826524067742,0.9626525849824976,897.0693843709782,0.35020363486346573,-30.548683578314048,-1.3136377335537086,tipo_Y
-653.8909253158226,25.803591657883842,-1.5863158276285794,470.648470511273,2.044695271759977,2078.4332160690396,-2.9693357880473497,0.8873589861339093,7116.91706944804,0.3145317652082197,-50.688761505140434,-1.2997319602593342,tipo_Y
730.1535348052265,-12.941806638014915,-1.533796503917759,4624.228242345411,2.075575596068404,-3335.0493248237003,-3.941674412281113,0.9276401526254271,6765.391431615811,0.35750762201329456,69.62992110852667,-1.1561276156453455,tipo_X
181.69090972285213,-25.683921565333264,-1.9119124129088334,185.39903521471433,2.012636817371974,1447.9011490712273,-5.513689502301685,0.766672509324881,2631.5484990911177,0.4253318702326046,91.8817042690057,-1.2134004968920078,tipo_X
-1099.6357988653472,3.051793961516762,-1.323872182998787,38393.94978025868,2.057988574931848,-4126.209524239942,-2.9053810737833663,0.9658004867235384,10917.032071845759,0.3652295773233034,-111.06951111903055,-1.2796558671782772,tipo_Y
449.9704365470874,6.509074864497466,-1.0482250587069575,10814.943382920443,1.9232689512449417,-1879.2356296399598,-5.957259942070383,0.823090290580277,858.792275223858,0.48008519797181076,63.73338287315108,-1.1657195305679127,tipo_X
-1398.2393658628787,55.40440711130758,-1.1496748258289669,6576.281915681095,1.9783556559407014,-290.10584001803375,-1.7214805101874537,0.8344471403856669,-7388.964283639238,0.3662109246128407,-168.6094899580436,-1.3780891089236889,tipo_Y
451.07195503518057,39.217092915733076,-1.177009476524104,8932.314031905658,1.9399532242164392,-3684.5090284631797,-4.038251264795839,0.8958604569081465,-10639.914583003998,0.420428429801165,-70.91233289184925,-1.3574137899238874,tipo_Y
447.5256003317637,46.303117056581144,-1.2501089526114255,5717.214620146429,1.9689094485204615,2097.451911498361,-3.325179887603365,0.9061731388161431,-5009.0644383713625,0.4843760847511296,-58.739345032250526,-1.3489405246486053,tipo_Y
669.226000585398,-11.26693019478929,-1.4842044173642084,35244.583135498826,1.9857500999706166,-1322.7261454652203,-5.315492341584195,0.9035076962618664,4290.159770933706,0.4029881842749508,4.835771858410141,-1.284264311307824,tipo_X
84.28244402498404,8.931345617259288,-0.9826751023837985,6727.4876002310675,1.9234725188176942,-2742.6517637938236,-3.091480349846776,0.9367225484937249,884.8734879024228,0.33522187778262097,-10.49241433836815,-1.2149044195498624,tipo_X
304.34374037795544,13.421620802959584,-1.5027270495809129,-18607.094730325596,1.941215110731852,-4659.6992389404095,-7.728630545235665,0.8243177630937665,6494.175432184936,0.3433460349020885,98.75356487249303,-1.1995565349470076,tipo_X
1839.8317926939349,22.627206529144715,-1.1808648803760138,-32912.11405757158,1.9765923400453806,-5171.96053079318,-7.696486427343751,0.9549199126074653,8541.867208096073,0.4730690186955415,204.8241973676174,-1.0593263877868355,tipo_X
1649.400443333028,18.775891823878247,-0.7625629503207797,14915.269093771038,1.9161211573190169,3091.276035647501,-1.9520539830139165,0.836244499886981,-1491.9227047539075,0.3492865413732398,19.53444068823802,-1.215463849201861,tipo_Y
1295.8563487196045,10.783574994457844,-1.3411933622962227,-22807.09887276503,2.0118459050266955,-5068.199221312048,-6.537934109375413,0.8436490429865904,-3411.761931587089,0.4945641394044671,156.14667534461813,-1.0951352518372708,tipo_X
387.2554420815377,1.1107829183511146,-1.403758039556039,27363.156581947653,2.015347420102438,-0.4382397741250088,-5.681490087565115,0.7813005355767814,-7311.642421364286,0.4518001394899995,29.149666245599807,-1.2233556289954963,tipo_X
562.117336820628,41.405237649671285,-0.44968617823260515,33045.601625954674,1.8762277412322101,-6362.444248683453,-4.148139763053129,0.8941815195494468,10619.66865343989,0.4278641704110775,-83.38908847078237,-1.2757587384484874,tipo_X
471.6064033200551,-17.02451446709589,-1.118753212374451,48891.69525786557,1.920441285550944,-2528.809076332778,-2.6549795423224403,0.9288437954621164,-4614.943818829893,0.39713411530041887,-78.02488484129029,-1.325767238872637,tipo_Y
987.3879943166502,-1.3588740789687392,-1.536790775104742,-11220.93906728343,1.9161554922833508,1570.3030267016702,-2.3792826387990256,0.859957951555004,7809.248881609428,0.41476115966086735,18.793576927349232,-1.3168723043049857,tipo_Y
219.05628345827495,40.51265235740518,-1.0150637833573304,5292.887427528788,1.9258733347282775,2449.2172483174636,-1.8734911478315235,0.8701636071582652,-4191.3502968780995,0.45945290666846567,-73.969198538214,-1.3253430677703673,tipo_X
